#,ประชาธิปัตย์:150,พลังประชารัฐ:150,อนาคตใหม่:150,ประชาชาติ:150,ภูมิใจไทย:150,เสรีรวมไทย:150,รวมพลังประชาชาติไทย:150,แทนคุณแผ่นดิน:150,เศรษฐกิจใหม่:150,ชาติไทยพัฒนา:150,เพื่อชาติ:150,กรีน:150,ประชาธิปไตยใหม่:150,พลังไทยรักไทย:150,ประชาภิวัฒน์:150,พลังสังคม:150,รักษ์ผืนป่าประเทศไทย:150,ความหวังใหม่:150,พลังชาติไทย:150,ภราดรภาพ:150,ถิ่นกาขาวชาววิไล:150,พลังไทยรักชาติ:150,พลังท้องถิ่นไท:150,ไทยศรีวิไลย์:150,พลังธรรมใหม่:150,ชาติพัฒนา:150,ประชานิยม:150,ไทรักธรรม:150,คลองไทย:150,ครูไทยเพื่อประชาชน:150,เพื่อแผ่นดิน:150,ประชาชนปฏิรูป:150,ไทยรักษาชาติ:150,เพื่อไทย:150,พลังศรัทธา:150,แผ่นดินธรรม:150,ทางเลือกใหม่:150,ประชาธรรมไทย:150,พลังไทสร้างชาติ:150,มหาชน:150,ภาคเครือข่ายไทย:150,มติประชา:150,พลังประชาธิปไตย:150,สามัญชน:150,กลาง:150,ประชากรไทย:150,พลังรัก:150,พลเมืองไทย:150,ชาติพันธุ์ไทย:150,พลังปวงชนไทย:150,ประชาไทย:150,เพื่อนไทย:150,สยามพัฒนา:150,อนาคตไทย:150,ไทยรุ่งเรือง:150,เครือข่ายชาวนาแห่งประเทศไทย:150,เพื่อชีวิตใหม่:150,ภูมิพลังเกษตรกรไทย:150,เพื่อคนไทย:150,ฐานรากไทย:150,ไทยธรรม:150,ผงึ้ หลวง:150,เพอื่ สหกรณ์ไทย:150,เพื่อไทยพัฒนา:150,พลังครูไทย:150,ประชาธิปไตยเพื่อประชาชน:150,รวมใจไทย:150,รักท้องถิ่นไทย:150,พลังไทยดี:150,สังคมประชาธิปไตยไทย:150,พลังแรงงานไทย:150,เพื่อธรรม:150,รักษ์ธรรม:150,พลังแผ่นดินทอง:150,ยางพาราไทย:150,พลังสหกรณ์:150,คนธรรมดาแห่งประเทศไทย:150,พัฒนาประเทศไทย:150,คนงานไทย:150,พลังคนกีฬา:150,กสิกรไทย:150
กระบี่-1,44346,30381,17783,8484,4784,3474,2032,1986,1596,1128,942,714,672,634,623,572,455,452,424,415,401,389,374,313,289,273,272,272,116,108,93,76,0,0,0,0,0,0,0,0,0,0,0,0,0,0,0,0,0,0,0,0,0,0,0,0,0,0,0,0,0,0,0,0,0,0,0,0,0,0,0,0,0,0,0,0,0,0,0,0,0
กระบี่-2,40014,12531,12412,5204,41978,1660,418,481,1227,298,858,150,993,146,0,0,216,169,324,0,0,0,705,205,286,243,538,110,593,106,247,289,0,6852,224,212,160,107,106,0,0,0,0,0,0,0,0,0,0,0,0,0,0,0,0,0,0,0,0,0,0,0,0,0,0,0,0,0,0,0,0,0,0,0,0,0,0,0,0,0,0
กรุงเทพมหานคร-1,14348,23246,18091,91,806,1687,547,0,4522,212,168,0,0,0,54,0,301,0,27,62,36,0,426,223,0,0,23,25,0,24,33,268,0,15904,15,34,0,21,0,25,20,18,0,0,0,0,0,0,0,0,0,0,0,0,0,0,0,0,0,0,0,0,0,0,0,0,0,0,0,0,0,0,0,0,0,0,0,0,0,0,0
กรุงเทพมหานคร-2,16269,26909,26636,166,2947,3434,1022,0,5610,162,2142,0,0,0,36,41,246,0,86,19,38,0,103,0,0,189,49,0,0,40,0,195,0,0,0,51,0,23,0,27,23,55,102,47,34,0,0,0,0,0,0,0,0,0,0,0,0,0,0,0,0,0,0,0,0,0,0,0,0,0,0,0,0,0,0,0,0,0,0,0,0
กรุงเทพมหานคร-3,17029,25148,28444,235,1082,3832,546,0,5788,208,1209,0,101,0,186,29,247,0,129,36,0,147,284,183,102,369,40,28,0,142,0,350,0,0,32,34,0,25,34,27,12,9,0,0,0,0,0,0,0,0,0,0,0,0,0,0,0,0,0,0,0,0,0,0,0,0,0,0,0,0,0,0,0,0,0,0,0,0,0,0,0
กรุงเทพมหานคร-4,13890,27620,25588,420,898,3199,712,0,4408,202,3424,0,74,0,40,0,269,0,64,26,0,0,395,165,0,269,51,32,0,45,0,179,0,0,20,0,0,13,124,62,17,71,0,0,0,75,35,25,0,0,0,0,0,0,0,0,0,0,0,0,0,0,0,0,0,0,0,0,0,0,0,0,0,0,0,0,0,0,0,0,0
กรุงเทพมหานคร-5,18711,27667,25484,140,746,2583,603,0,5707,436,221,0,107,77,97,97,369,0,104,38,0,0,86,209,92,291,38,0,0,56,0,0,0,27897,0,0,0,16,0,30,24,9,82,0,0,0,0,0,164,14,0,0,0,0,0,0,0,0,0,0,0,0,0,0,0,0,0,0,0,0,0,0,0,0,0,0,0,0,0,0,0
กรุงเทพมหานคร-6,16525,28690,23980,115,1101,2471,811,0,5416,276,102,0,44,0,36,0,429,0,75,117,0,0,384,164,0,224,66,0,0,38,39,263,0,22275,0,0,0,0,16,49,3,15,0,0,0,0,59,63,0,33,0,0,0,0,0,0,0,0,0,0,0,0,0,0,0,0,0,0,0,0,0,0,0,0,0,0,0,0,0,0,0
กรุงเทพมหานคร-7,12896,25180,21339,259,1003,2006,658,0,3848,242,426,0,0,0,123,0,476,0,89,92,0,0,5160,238,0,224,97,32,0,39,81,164,0,23998,30,30,0,20,0,26,0,13,0,0,59,58,0,0,0,20,0,0,0,0,0,0,0,0,0,0,0,0,0,0,0,0,0,0,0,0,0,0,0,0,0,0,0,0,0,0,0
กรุงเทพมหานคร-8,15384,29090,25656,89,764,2338,690,0,5661,597,293,0,151,0,105,0,450,0,36,48,15,0,129,171,75,205,50,0,0,46,0,195,0,26122,25,0,0,43,0,73,11,10,0,0,64,0,31,20,0,0,19,0,0,0,0,0,0,0,0,0,0,0,0,0,0,0,0,0,0,0,0,0,0,0,0,0,0,0,0,0,0
กรุงเทพมหานคร-9,16255,34907,25735,147,1666,2593,760,0,5873,380,348,0,0,0,58,55,578,0,52,54,0,0,170,0,0,241,81,0,0,59,0,237,0,32115,25,0,0,49,46,0,38,23,71,0,0,98,0,0,0,41,0,0,0,0,0,0,0,0,0,0,0,0,0,0,0,0,0,0,0,0,0,0,0,0,0,0,0,0,0,0,0
กรุงเทพมหานคร-10,14061,22067,22062,164,0,2326,627,0,0,227,129,0,35,0,88,0,428,0,38,65,0,0,183,257,0,245,107,60,0,64,0,126,0,30800,0,40,0,28,0,0,26,8,0,0,0,0,0,0,0,0,16,0,113,0,0,0,0,0,0,0,0,0,0,0,0,0,0,0,0,0,0,0,0,0,0,0,0,0,0,0,0
กรุงเทพมหานคร-11,24815,18960,25098,173,661,2363,336,0,4141,173,354,0,84,0,78,0,361,0,72,40,0,0,124,160,64,130,69,0,0,38,0,217,0,34679,62,0,0,33,18,0,26,0,0,37,0,0,0,0,0,19,23,0,0,0,0,0,0,0,0,0,0,0,0,0,0,0,0,0,0,0,0,0,0,0,0,0,0,0,0,0,0
กรุงเทพมหานคร-12,11075,27571,27629,127,4057,2394,625,0,5174,345,304,0,106,78,118,0,510,0,41,30,0,0,436,0,139,181,41,0,0,47,27,143,0,30254,0,0,58,56,28,30,37,16,0,0,0,145,0,0,0,30,63,0,0,0,0,0,0,0,0,0,0,0,0,0,0,0,0,0,0,0,0,0,0,0,0,0,0,0,0,0,0
กรุงเทพมหานคร-13,17958,27489,23707,1544,918,2091,677,0,4803,237,253,0,57,82,93,0,333,0,26,32,0,0,119,0,129,129,37,27,0,48,52,179,0,23912,0,0,71,13,0,21,0,0,101,0,0,0,0,75,0,25,0,0,0,0,0,0,0,0,0,0,0,0,0,0,0,0,0,0,0,0,0,0,0,0,0,0,0,0,0,0,0
กรุงเทพมหานคร-14,13375,25908,24461,206,1332,2424,5518,0,4767,225,140,0,53,0,80,0,368,0,71,44,20,0,129,202,85,159,44,27,0,48,0,230,0,31445,0,0,0,44,19,35,10,0,134,0,0,0,0,50,0,0,0,0,0,198,0,0,0,0,0,0,0,0,0,0,0,0,0,0,0,0,0,0,0,0,0,0,0,0,0,0,0
กรุงเทพมหานคร-15,8949,31551,21186,320,627,1925,367,0,3557,119,169,0,17,0,219,16,0,0,71,19,11,0,76,209,0,260,77,50,0,26,0,111,0,30123,0,0,0,0,0,81,32,0,116,0,24,0,15,34,0,90,0,0,0,0,0,0,0,0,0,0,0,0,0,0,0,0,0,0,0,0,0,0,0,0,0,0,0,0,0,0,0
กรุงเทพมหานคร-16,10683,29304,26352,329,876,2652,1241,0,4389,245,108,0,116,106,106,0,281,0,78,69,33,73,134,0,52,363,72,0,0,97,0,145,0,31481,0,94,0,40,19,29,71,0,0,0,0,0,0,0,0,78,0,0,0,0,0,0,0,0,0,0,0,0,0,0,0,0,0,0,0,0,0,0,0,0,0,0,0,0,0,0,0
กรุงเทพมหานคร-17,8868,25329,18391,732,0,1781,7190,28,2070,96,108,0,56,0,32,0,223,0,41,37,12,121,142,179,89,88,67,32,0,58,0,60,0,24610,0,0,0,174,30,13,15,0,306,0,126,65,0,0,0,159,0,0,0,0,0,0,0,0,0,0,0,0,0,0,0,0,0,0,0,0,0,0,0,0,0,0,0,0,0,0,0
กรุงเทพมหานคร-18,7295,20739,22346,229,603,2143,955,0,3119,275,256,0,72,0,69,0,214,0,59,22,0,0,179,275,105,180,58,19,0,137,0,71,0,35361,0,0,0,47,30,28,15,0,0,0,0,0,0,124,0,0,0,0,0,0,0,0,0,0,0,0,0,0,0,0,0,0,0,0,0,0,0,0,0,0,0,0,0,0,0,0,0
กรุงเทพมหานคร-19,16284,28203,23554,352,767,2094,957,0,5082,174,168,0,75,86,105,0,341,0,47,39,0,0,99,0,102,211,54,32,0,87,66,171,0,21839,0,0,0,14,49,46,10,0,0,0,0,0,0,19,0,0,0,0,0,0,0,0,0,0,0,0,0,0,0,0,0,0,0,0,0,0,0,0,0,0,0,0,0,0,0,0,0
กรุงเทพมหานคร-20,18548,29557,40483,426,3365,5447,872,0,6879,217,5130,0,90,1130,133,0,473,0,54,37,18,0,89,0,0,329,24,53,0,66,0,216,0,0,0,75,0,49,80,65,8,0,0,0,55,0,0,23,0,0,0,0,0,0,0,0,0,0,0,0,0,0,0,0,0,0,0,0,0,0,0,0,0,0,0,0,0,0,0,0,0
กรุงเทพมหานคร-21,14339,28944,35702,182,850,4263,485,0,6387,377,5514,0,68,0,83,0,426,0,109,61,0,0,93,0,197,272,52,0,0,77,0,225,0,0,0,0,0,0,49,68,45,0,0,0,52,0,0,48,0,0,0,0,0,0,0,0,0,0,0,0,0,0,0,0,0,0,0,0,0,0,0,0,0,0,0,0,0,0,0,0,0
กรุงเทพมหานคร-22,20376,27421,34368,469,1569,6488,599,0,6283,1445,2680,0,0,0,187,0,398,0,177,53,46,0,178,321,0,374,56,0,0,0,0,232,0,0,0,106,277,46,120,0,16,0,0,71,67,0,0,79,0,41,0,0,0,0,0,0,0,0,0,0,0,0,0,0,0,0,0,0,0,0,0,0,0,0,0,0,0,0,0,0,0
กรุงเทพมหานคร-23,17247,26015,27651,139,2379,3036,425,0,5617,184,134,0,0,102,35,0,292,0,61,56,27,0,80,212,0,127,52,22,0,63,0,157,0,24959,0,0,121,62,52,107,0,0,0,0,78,0,0,0,0,15,0,0,0,0,0,0,0,0,0,0,0,0,0,0,0,0,0,0,0,0,0,0,0,0,0,0,0,0,0,0,0
กรุงเทพมหานคร-24,14784,29154,38409,1113,6748,7187,590,0,5859,914,2908,0,60,0,28,0,405,0,137,20,42,0,443,0,146,529,58,21,0,144,0,112,0,0,24,30,0,30,108,0,30,0,0,0,45,0,0,0,0,15,63,0,0,0,0,0,0,0,0,0,0,0,0,0,0,0,0,0,0,0,0,0,0,0,0,0,0,0,0,0,0
กรุงเทพมหานคร-25,23425,16782,38340,136,2376,5358,455,0,5260,416,2467,0,100,0,118,0,257,0,94,114,0,0,535,275,0,251,34,61,0,96,0,114,0,0,59,0,0,31,80,0,58,0,0,0,45,0,0,40,0,46,17,0,0,0,0,0,0,0,0,0,0,0,0,0,0,0,0,0,0,0,0,0,0,0,0,0,0,0,0,0,0
กรุงเทพมหานคร-26,19202,18032,27244,53,602,2622,508,0,4309,149,244,0,0,125,30,0,261,0,32,182,0,0,163,289,0,166,78,29,0,42,0,145,0,30538,0,31,0,45,0,0,0,0,0,0,37,72,0,51,0,21,0,0,0,0,0,0,0,0,0,0,0,0,0,0,0,0,0,0,0,0,0,0,0,0,0,0,0,0,0,0,0
กรุงเทพมหานคร-27,23803,24981,29545,129,886,3834,542,0,5213,358,168,0,145,191,182,0,375,0,104,127,0,0,250,335,0,319,32,0,0,0,0,323,0,28367,0,53,0,23,39,38,61,0,0,0,67,0,0,0,0,23,0,0,0,0,0,0,0,0,0,0,0,0,0,0,0,0,0,0,0,0,0,0,0,0,0,0,0,0,0,0,0
กรุงเทพมหานคร-28,17279,29413,29590,0,2391,3755,429,0,0,267,104,0,0,159,90,0,326,0,96,102,0,0,185,0,0,812,68,0,0,116,0,273,0,23510,0,38,0,0,43,0,35,0,0,0,0,0,48,0,0,0,0,0,0,0,0,0,0,0,0,0,0,0,0,0,0,0,0,0,0,0,0,0,0,0,0,0,0,0,0,0,0
กรุงเทพมหานคร-29,13612,24622,23477,205,772,3407,537,0,5077,285,293,0,32,166,126,36,262,0,98,53,0,52,257,0,175,287,54,93,0,59,0,227,0,28765,0,0,0,18,0,0,16,0,109,0,91,0,0,0,0,24,0,0,0,0,0,0,0,0,0,0,0,0,0,0,0,0,0,0,0,0,0,0,0,0,0,0,0,0,0,0,0
กรุงเทพมหานคร-30,17535,31394,23724,127,766,3991,695,0,5344,360,186,0,58,64,75,52,437,0,59,58,0,60,351,211,0,170,37,0,0,54,134,257,0,25745,0,56,0,52,22,0,19,0,0,0,58,0,0,0,0,0,0,0,0,0,0,0,0,0,0,0,0,0,0,0,0,0,0,0,0,0,0,0,0,0,0,0,0,0,0,0,0
กาญจนบุรี-1,15952,40308,25696,0,4450,5251,590,0,0,563,2844,0,0,0,160,56,877,0,209,105,0,0,368,563,0,652,283,0,0,199,0,115,0,0,108,72,0,0,82,479,0,0,0,0,0,0,0,0,0,0,0,0,0,0,248,118,0,0,0,0,0,0,0,0,0,0,0,0,0,0,0,0,0,0,0,0,0,0,0,0,0
กาญจนบุรี-2,20656,32882,13533,0,3461,2083,376,0,914,0,5685,0,0,0,131,0,159,0,0,0,0,0,128,198,0,81,95,125,0,74,0,0,0,0,112,0,0,0,0,29,0,0,0,0,0,0,0,183,0,79,0,0,0,0,37,0,0,0,0,0,0,0,0,0,0,0,0,0,0,0,0,0,0,0,0,0,0,0,0,0,0
กาญจนบุรี-3,26637,14393,20087,0,30582,6879,283,0,1262,432,2479,0,0,0,373,223,229,0,154,0,0,138,369,390,0,1468,395,0,0,133,0,0,0,0,0,0,0,0,0,53,0,0,392,0,0,0,0,0,0,342,0,0,0,0,85,194,0,0,0,0,0,0,0,0,0,0,0,0,0,0,0,0,0,0,0,0,0,0,0,0,0
กาญจนบุรี-4,21924,30287,21995,270,4327,3197,553,0,755,433,4742,0,0,0,105,0,164,0,177,207,156,418,1030,189,227,675,112,289,0,630,0,70,0,0,0,0,0,175,0,53,0,0,0,0,0,0,0,0,0,848,831,0,0,0,176,799,0,0,0,0,0,0,0,0,0,0,0,0,0,0,0,0,0,0,0,0,0,0,0,0,0
กาญจนบุรี-5,8226,21363,11025,0,6524,2827,255,0,574,250,0,0,0,0,1020,0,295,0,129,0,0,173,574,169,0,167,57,61,0,63,0,0,0,0,0,0,0,0,0,27,0,0,401,0,0,0,0,0,0,91,0,0,0,0,30,68,0,0,0,0,0,0,0,0,0,0,0,0,0,0,0,0,0,0,0,0,0,0,0,0,0
กาฬสินธุ์-1,1317,9014,17750,0,32275,1787,244,26,786,141,769,308,40,128,58,0,37,328,92,61,0,0,763,78,0,0,101,474,0,233,64,175,0,37532,28,139,0,153,0,0,0,0,49,853,0,0,0,0,0,186,166,0,0,0,0,0,240,47,0,0,0,0,0,0,0,0,0,0,0,0,0,0,0,0,0,0,0,0,0,0,0
กาฬสินธุ์-2,1238,13699,12059,0,30003,1411,145,21,463,306,389,218,90,0,210,0,175,385,66,0,0,0,3955,83,0,0,133,233,0,40,29,226,0,38058,0,105,0,232,0,0,0,0,480,0,85,0,0,54,0,0,133,0,0,0,0,0,406,0,0,0,0,0,0,0,0,0,0,0,0,0,0,0,0,0,0,0,0,0,0,0,0
กาฬสินธุ์-3,3699,30373,17503,606,2322,1035,146,0,591,299,3495,174,77,305,278,0,531,249,140,137,0,0,722,272,0,0,380,210,0,55,81,230,0,32588,0,65,0,166,120,0,0,0,134,129,0,0,0,103,0,833,193,0,0,0,0,0,76,116,989,830,0,0,0,0,0,0,0,0,0,0,0,0,0,0,0,0,0,0,0,0,0
กาฬสินธุ์-4,2791,17196,14973,0,3074,1239,229,0,1725,493,3573,68,131,199,523,0,205,716,428,0,0,0,686,0,867,592,115,81,0,83,73,0,0,45503,0,58,0,113,107,0,0,0,118,0,0,45,0,332,0,2949,110,0,864,0,0,0,22,32,0,0,0,0,0,0,0,0,0,0,0,0,0,0,0,0,0,0,0,0,0,0,0
กาฬสินธุ์-5,1111,18266,17625,0,2841,1965,411,248,546,2265,567,847,40,290,121,0,405,2401,56,487,0,0,8460,0,0,368,90,21,0,67,230,0,0,40262,0,174,0,20,242,0,0,0,271,1060,128,352,0,0,0,0,89,0,72,0,0,0,26,68,1430,0,153,0,0,0,0,0,0,0,0,0,0,0,0,0,0,0,0,0,0,0,0
กำแพงเพชร-1,9732,32642,11416,0,17082,1195,667,0,1189,332,645,0,251,254,91,0,295,0,191,275,0,0,618,248,0,0,54,0,0,116,69,167,0,18834,0,174,0,0,0,0,0,0,136,0,0,245,0,288,0,0,0,0,0,0,0,68,0,0,0,0,0,91,0,0,0,0,0,0,0,0,0,0,0,0,0,0,0,0,0,0,0
กำแพงเพชร-2,13261,34271,0,0,12891,1502,475,0,1086,707,439,0,157,388,349,0,295,0,796,338,0,0,3634,0,0,227,406,71,0,338,0,248,0,18626,0,225,0,0,0,0,0,0,149,0,0,0,0,0,0,133,0,0,0,0,0,165,0,0,0,0,0,138,281,0,0,0,0,0,0,0,0,0,0,0,0,0,0,0,0,0,0
กำแพงเพชร-3,21071,31127,8966,0,849,981,510,0,676,68,902,0,81,541,81,0,159,0,119,0,0,0,226,178,0,195,122,53,0,687,0,51,0,18522,0,114,0,31,0,0,37,0,59,0,0,54,0,0,0,112,0,0,0,0,0,82,0,0,0,0,0,297,0,0,0,0,0,0,0,0,0,0,0,0,0,0,0,0,0,0,0
กำแพงเพชร-4,5351,30112,8242,0,11536,1011,472,0,612,220,487,0,0,467,134,0,150,0,322,0,0,0,1135,152,0,582,210,57,0,0,0,43,0,26446,0,175,0,0,0,0,41,0,67,0,0,0,0,0,0,220,0,0,0,0,0,738,0,0,0,0,0,38,132,0,0,0,0,0,0,0,0,0,0,0,0,0,0,0,0,0,0
ขอนแก่น-1,5014,21935,38717,198,581,2977,697,73,4656,5325,228,0,181,117,115,0,227,100,0,0,0,0,274,276,79,103,104,98,0,105,125,245,0,29396,0,61,0,13,60,0,111,0,0,0,0,0,0,51,0,24,0,0,232,0,0,20,0,0,0,9,0,73,0,320,119,69,0,0,0,0,0,0,0,0,0,0,0,0,0,0,0
ขอนแก่น-2,2263,46276,21449,57,831,1871,261,34,2225,219,2422,0,0,91,176,38,211,0,47,0,0,0,495,205,80,0,91,43,0,197,177,120,0,34115,43,57,0,0,61,95,18,0,0,0,0,25,0,332,0,64,0,0,106,0,0,0,0,0,0,213,0,52,0,93,241,45,0,0,0,0,0,0,0,0,0,0,0,0,0,0,0
ขอนแก่น-3,1181,26636,29274,185,7577,932,374,265,475,419,590,0,766,776,169,9,146,0,208,0,0,0,237,286,85,98,118,39,0,323,97,56,0,34676,0,37,0,0,23,14,49,0,0,165,0,17,0,0,0,188,0,0,0,0,0,0,0,0,0,15,0,26,0,113,0,23,0,0,0,0,0,0,0,0,0,0,0,0,0,0,0
ขอนแก่น-4,1748,15320,30603,687,1476,1477,387,224,799,583,1044,0,243,569,259,0,296,0,414,0,0,0,177,146,34,421,278,80,0,97,158,60,0,45092,0,117,0,0,178,68,47,0,0,0,112,135,0,283,0,950,0,0,355,0,0,0,0,0,0,509,0,81,0,746,0,124,37,0,0,0,0,0,0,0,0,0,0,0,0,0,0
ขอนแก่น-5,1162,21024,9574,54,354,2867,142,0,325,298,3890,0,204,84,335,0,185,0,50,0,0,0,102,0,0,427,95,33,0,101,82,70,0,39112,0,129,64,201,166,0,598,0,0,0,0,905,0,0,0,0,45,0,142,0,0,0,0,0,0,6,0,17,0,379,0,60,0,22,0,0,0,0,0,0,0,0,0,0,0,0,0
ขอนแก่น-6,1706,27694,13377,174,307,0,138,14,655,350,5834,0,230,230,28,0,273,0,21,0,0,0,1273,0,0,322,321,24,0,264,29,0,0,32751,0,0,62,68,188,824,193,0,77,0,0,39,919,157,0,158,23,0,0,0,0,0,0,0,0,0,0,71,0,126,0,0,0,63,0,0,0,0,0,0,0,0,0,0,0,0,0
ขอนแก่น-7,889,26553,12414,9350,549,1062,473,53,417,200,1767,0,132,442,106,0,156,0,51,0,0,0,130,106,318,255,187,599,0,798,55,72,0,29710,0,69,217,147,129,107,12,0,0,0,0,0,0,229,0,0,0,0,0,0,0,263,0,0,0,65,0,42,0,564,0,23,0,0,0,0,0,0,0,0,0,0,0,0,0,0,0
ขอนแก่น-8,1003,10984,12266,119,2133,1408,137,33,478,444,1036,0,0,184,75,0,368,0,270,0,0,0,288,160,233,177,84,33,0,827,55,103,0,53205,0,66,179,0,94,720,146,0,0,0,172,0,479,1256,0,88,0,0,837,0,0,108,0,0,0,19,0,0,0,92,113,122,0,0,0,0,0,0,0,0,0,0,0,0,0,0,0
ขอนแก่น-9,728,11214,8633,786,4576,1057,534,81,777,303,70,0,20,88,98,0,334,0,76,0,0,0,250,150,63,0,55,14,0,208,117,28,0,51843,247,25,130,2550,837,27,70,0,0,0,83,0,0,56,0,374,0,0,250,0,0,0,0,0,0,66,0,43,0,298,0,68,41,0,0,0,0,0,0,0,0,0,0,0,0,0,0
ขอนแก่น-10,791,14439,9588,160,19997,744,129,32,528,385,3100,0,123,121,113,0,97,0,77,0,0,0,7936,87,48,75,35,15,0,129,22,39,0,30111,0,14,0,47,13,230,16,0,57,0,0,306,20,327,0,257,0,0,0,0,0,186,0,0,0,33,0,0,0,39,39,28,50,0,0,0,0,0,0,0,0,0,0,0,0,0,0
จันทบุรี-1,12589,25661,26805,0,14692,4360,575,0,1911,369,1104,76,284,0,96,0,455,0,57,0,0,0,356,249,0,0,45,52,0,364,0,65,0,0,0,0,0,300,0,0,0,0,0,0,0,0,0,181,183,0,0,0,0,0,0,85,0,0,0,0,0,0,0,0,0,0,304,0,50,0,0,0,0,0,0,0,0,0,0,0,0
จันทบุรี-2,19711,27766,28750,0,2216,7071,920,0,1265,2044,747,98,469,0,234,0,370,0,532,0,0,0,364,395,0,0,104,172,0,154,0,271,0,0,0,0,202,372,0,0,0,0,0,0,0,0,0,0,621,0,0,0,0,0,0,441,0,0,0,328,0,0,0,0,0,0,0,0,217,0,0,0,0,0,0,0,0,0,0,0,0
จันทบุรี-3,16023,26892,32687,0,9879,6310,711,0,1149,2288,4106,148,306,0,515,0,498,0,252,0,0,0,247,425,0,0,566,119,0,141,240,252,0,0,0,0,227,307,0,0,210,0,0,0,0,0,0,0,0,0,0,0,0,0,0,73,0,0,0,156,0,0,0,0,0,0,0,0,58,0,0,0,0,0,0,0,0,0,0,0,0
ฉะเชิงเทรา-1,9100,30116,35045,0,22761,2741,348,105,2109,0,0,0,103,0,154,0,323,0,58,0,0,0,416,0,0,0,249,117,0,0,0,94,0,0,0,0,0,0,0,44,0,0,0,0,0,0,0,0,0,0,0,0,0,0,0,234,0,0,0,0,0,0,0,0,0,0,0,0,0,100,0,0,0,0,0,0,0,0,0,0,0
ฉะเชิงเทรา-2,5769,44500,12103,0,570,1560,160,167,1078,185,46,239,0,0,113,0,255,0,86,0,0,0,208,0,0,0,53,0,0,0,0,101,0,34926,0,0,0,0,0,24,0,0,72,0,0,0,0,144,0,32,0,0,0,0,0,173,0,0,0,0,557,0,0,0,0,0,0,0,35,57,0,0,0,0,0,0,0,0,0,0,0
ฉะเชิงเทรา-3,4608,31265,15513,0,4530,1981,407,318,1266,0,155,118,137,0,493,0,370,0,88,0,0,273,358,0,0,0,108,121,0,0,0,135,0,23462,0,0,356,0,0,97,0,0,0,0,0,0,0,331,0,953,0,0,0,0,0,182,0,0,0,0,0,0,0,0,0,0,0,0,0,136,0,0,0,0,0,0,0,0,0,0,0
ฉะเชิงเทรา-4,10379,39361,42342,0,697,4098,313,233,2354,0,2111,0,0,0,74,0,340,0,269,0,0,0,401,0,0,0,444,0,0,0,0,250,0,0,0,0,0,0,0,96,0,0,500,0,0,0,0,0,0,94,197,0,0,0,0,604,0,0,0,0,0,0,0,0,0,0,0,0,368,292,0,0,0,0,0,0,0,0,0,0,0
ชลบุรี-1,8362,38268,27430,0,8266,5199,388,0,5327,178,109,0,0,0,250,0,209,0,296,0,0,0,0,436,0,399,49,54,0,111,0,162,0,14877,0,0,0,0,0,0,149,0,130,0,0,0,0,0,0,84,0,0,0,0,160,0,0,0,0,0,0,0,0,0,0,0,0,0,0,624,0,0,0,0,0,0,0,0,0,0,0
ชลบุรี-2,6020,42427,21147,0,20853,2707,485,0,2903,96,69,0,0,0,63,0,159,0,216,0,0,0,0,311,0,235,50,140,0,107,0,0,0,11102,0,0,0,0,0,0,0,0,107,0,0,78,0,0,0,19,0,0,0,0,108,0,0,0,0,0,0,0,0,0,0,0,0,0,0,302,0,0,0,0,0,0,0,0,0,0,0
ชลบุรี-3,5458,54644,15038,0,13815,2422,263,0,1623,66,64,0,0,0,176,0,165,0,103,0,0,0,0,344,0,306,97,0,0,74,0,74,0,10025,109,0,0,0,0,32,0,0,80,0,0,0,0,109,0,29,0,0,0,0,215,124,0,0,0,0,0,534,0,0,0,0,0,0,0,67,0,0,0,0,0,0,0,0,0,0,0
ชลบุรี-4,10940,31261,14732,0,9426,1685,248,0,1933,327,52,0,0,0,118,0,83,0,53,0,0,0,208,407,0,160,133,76,0,0,0,38,0,21021,0,0,0,0,0,133,0,0,0,0,0,0,0,96,0,54,0,0,0,0,938,59,0,0,0,0,0,64,0,0,0,0,0,0,0,224,0,0,0,0,0,0,0,0,0,0,0
ชลบุรี-5,9696,38321,43284,0,1722,7591,517,0,4346,373,1604,0,0,0,76,0,331,0,169,0,0,0,1103,558,0,745,54,103,0,109,0,0,0,0,0,0,0,0,0,61,0,100,0,0,0,0,0,0,0,78,0,0,0,0,79,0,0,0,0,0,0,0,0,0,0,0,0,0,0,530,0,0,0,0,0,0,0,0,0,0,0
ชลบุรี-6,6582,33440,39189,0,4345,7155,719,0,2933,212,0,0,0,0,89,0,157,0,292,0,0,0,215,580,0,345,107,49,0,88,0,94,0,0,66,0,0,0,0,38,61,0,104,0,0,0,0,45,0,362,0,0,0,0,75,0,118,0,0,0,0,0,0,0,0,0,0,0,0,414,0,0,0,0,0,0,0,0,0,0,0
ชลบุรี-7,5243,28001,31247,0,6946,7708,690,0,2256,289,1383,0,0,0,229,0,336,0,259,0,0,0,244,273,0,670,136,129,0,104,0,64,0,0,117,0,0,0,0,0,0,0,0,0,0,0,0,115,0,137,0,0,0,0,148,0,0,0,0,0,0,55,0,0,0,0,0,0,0,164,0,0,0,0,0,0,0,0,0,0,0
ชลบุรี-8,5755,33967,25874,0,2998,5865,322,0,2313,332,2518,0,0,0,53,0,389,0,276,0,0,0,134,353,0,489,126,80,0,112,0,157,0,0,0,0,0,0,0,0,0,0,81,0,0,0,0,170,0,63,0,0,0,0,59,0,0,0,0,0,0,109,0,0,0,0,0,0,0,163,0,0,0,0,0,0,0,0,0,0,0
ชัยนาท-1,5143,44104,15144,482,1267,1752,487,0,0,222,466,0,0,0,647,0,148,0,150,0,0,0,256,488,0,0,190,0,0,0,0,299,0,22916,0,68,0,0,0,0,0,0,0,0,0,0,0,31,0,166,78,0,0,0,0,109,0,56,0,0,0,0,0,0,0,0,0,0,105,0,0,0,0,0,0,0,0,0,0,0,0
ชัยนาท-2,4642,48505,27592,0,3188,2771,371,0,663,310,0,0,0,0,277,0,166,0,533,0,0,0,590,192,0,574,189,0,0,0,0,193,0,0,0,319,0,0,0,0,0,0,776,0,0,0,0,36,0,0,0,0,0,0,0,273,0,0,0,0,0,0,0,0,0,0,0,0,132,0,0,0,0,0,0,0,0,0,0,0,0
ชัยภูมิ-1,5231,17463,13715,621,15469,1324,239,0,1086,150,579,0,82,422,198,0,94,0,97,0,0,0,541,0,0,680,187,279,0,0,773,46,0,38481,0,0,262,24,0,80,0,0,66,0,0,58,94,0,0,56,78,0,216,0,0,0,0,0,0,0,80,67,0,0,0,0,0,0,0,0,328,0,0,0,0,0,0,0,0,0,0
ชัยภูมิ-2,1770,33614,9866,0,12688,1078,143,0,526,144,1051,0,27,163,85,0,6363,0,469,0,0,0,92,0,0,268,44,77,0,27,79,32,0,31990,35,0,553,35,0,6,305,0,180,0,0,22,41,0,0,751,179,0,0,0,0,0,0,0,0,0,182,21,0,0,0,0,0,105,0,0,97,0,0,0,0,0,0,0,0,0,0
ชัยภูมิ-3,2156,32352,7902,0,7266,2665,79,48,513,639,338,0,89,685,144,0,81,0,0,0,0,0,435,0,0,366,102,75,0,97,102,733,0,24141,48,0,155,0,0,399,137,0,34,0,0,186,0,0,0,215,33,0,0,0,0,0,0,0,244,0,128,45,0,0,0,0,0,0,0,0,94,0,0,0,0,0,0,0,0,0,0
ชัยภูมิ-4,1870,27694,11760,4845,894,1128,107,217,1195,81,7293,0,205,0,374,0,313,0,45,0,0,0,553,0,0,309,636,92,0,148,163,95,0,41991,83,0,289,940,106,77,0,0,0,0,0,132,0,496,0,358,0,0,0,0,0,0,0,0,0,0,515,70,0,0,0,0,0,65,0,0,179,0,0,0,0,0,0,0,0,0,0
ชัยภูมิ-5,1201,14633,12300,1343,25624,1312,116,25,1609,378,433,0,39,536,146,0,154,0,35,0,0,0,313,0,101,253,319,81,0,156,149,73,0,33313,0,0,268,86,50,23,68,0,71,0,0,0,684,222,0,0,635,0,0,0,0,0,0,0,455,0,119,381,0,0,0,0,0,0,0,0,0,0,0,0,0,0,0,0,0,0,0
ชัยภูมิ-6,1184,18527,12557,689,23290,1195,239,0,411,108,212,0,455,1090,290,0,150,0,68,0,0,0,198,0,0,198,170,79,0,116,59,548,0,36009,0,0,220,26,50,0,97,0,49,0,0,0,0,0,0,123,73,0,0,0,0,0,0,0,209,0,56,614,0,0,0,0,0,0,0,0,175,0,0,0,0,0,0,0,0,0,0
ชุมพร-1,42683,32219,10347,0,1051,2813,251,0,1273,263,378,334,0,316,55,0,712,0,0,0,0,86,320,297,0,1169,46,58,61,58,0,0,0,0,0,0,388,72,194,107,62,0,332,0,0,0,0,0,0,0,0,0,0,0,0,0,0,0,0,0,0,0,0,0,0,0,0,0,0,0,0,0,0,0,0,0,0,0,0,0,0
ชุมพร-2,32765,26037,8674,358,4966,1468,12344,0,1109,550,354,287,0,0,80,0,638,0,60,0,0,0,214,358,0,183,39,57,70,126,0,45,0,4895,0,0,196,222,0,127,30,0,204,0,0,0,0,56,0,0,50,0,0,0,0,0,0,0,0,0,0,0,0,0,0,0,0,0,0,0,0,133,0,0,0,0,0,0,0,0,0
ชุมพร-3,19397,12243,7438,373,761,1549,41464,0,690,720,1682,739,0,117,60,0,143,0,0,402,0,16,704,444,0,0,167,50,15,234,0,139,0,3368,105,222,1464,0,416,60,16,0,157,0,0,0,0,96,0,0,0,0,0,0,0,0,0,0,0,0,0,0,0,0,0,0,0,0,0,0,0,0,0,0,0,0,0,0,0,0,0
เชียงราย-1,2472,28391,30719,0,244,1649,0,73,1752,74,1102,0,0,88,862,0,544,0,91,69,44,0,238,0,140,103,60,19,0,283,51,43,0,28891,0,0,0,448,0,64,0,0,0,0,0,51,59,95,112,39,0,0,0,0,0,0,0,0,0,63,0,0,0,0,676,0,0,0,0,0,0,0,0,0,0,0,0,0,0,0,0
เชียงราย-2,4074,21219,20333,592,183,3225,102,98,1267,350,1842,0,0,244,253,0,590,0,602,618,49,0,514,0,379,387,229,72,0,245,228,115,0,41603,0,161,0,142,0,292,0,0,127,213,0,0,0,572,802,0,0,0,0,0,0,0,0,0,0,55,0,0,0,0,182,0,0,0,0,0,0,0,0,0,0,0,0,0,0,0,0
เชียงราย-3,2244,17647,25397,0,176,2019,212,115,994,233,4521,0,749,309,400,0,459,0,217,236,530,0,345,0,283,194,77,43,0,71,192,53,0,53202,0,0,0,152,0,62,0,0,0,0,0,38,0,509,142,40,0,0,0,0,0,0,0,0,0,97,0,0,0,0,187,0,0,0,0,0,0,0,0,0,0,0,0,0,0,0,0
เชียงราย-4,2188,14024,24897,361,95,1378,563,0,474,53,805,0,0,266,483,0,209,0,289,259,33,0,358,0,47,195,89,119,0,165,0,66,0,62026,0,0,0,75,0,64,0,0,73,898,0,0,0,452,83,487,0,0,0,0,0,0,0,0,0,0,0,0,0,0,233,0,0,0,0,0,0,0,0,0,0,0,0,0,0,0,0
เชียงราย-5,5261,15954,20736,1011,572,1596,59,83,510,210,2460,0,0,286,165,0,489,0,213,1261,135,0,503,0,145,305,197,57,0,144,0,121,0,40972,0,0,0,189,0,56,0,0,58,0,0,0,0,2646,723,544,0,0,0,0,0,0,0,0,0,71,0,37,0,0,69,0,0,0,0,0,0,0,446,141,0,0,0,0,0,0,0
เชียงราย-6,1960,16806,23273,638,112,1124,74,0,725,63,2732,0,0,105,87,0,399,0,183,307,39,0,93,0,148,315,36,30,0,175,393,0,0,23081,0,90,0,146,0,45,0,0,0,0,0,89,0,262,37,740,0,0,0,0,0,0,0,0,0,47,0,243,0,0,188,0,0,0,0,0,0,0,0,0,0,0,0,0,0,0,0
เชียงราย-7,2342,11472,19837,0,171,1133,80,0,482,92,1087,0,0,141,232,0,190,0,555,430,540,0,266,0,83,319,110,155,0,216,85,81,0,32769,0,0,0,215,0,153,0,0,0,0,0,0,0,799,0,1030,0,0,0,0,0,0,0,0,0,0,0,71,0,0,173,0,0,0,0,0,0,0,0,0,0,0,0,0,0,0,0
เชียงใหม่-1,10676,21183,45120,0,957,4148,807,34,5373,390,875,336,0,156,219,0,687,0,204,31,0,0,210,341,432,203,143,81,0,89,45,108,0,45894,0,0,0,72,0,59,0,0,0,0,0,32,0,0,1610,126,22,0,0,0,0,25,0,0,0,0,0,0,0,0,0,0,51,0,0,0,0,0,0,0,0,0,0,0,0,0,0
เชียงใหม่-2,4416,17022,32617,0,510,2887,406,0,0,225,670,55,0,184,187,0,693,0,67,45,0,0,145,113,170,576,94,91,0,470,80,58,0,50127,0,102,0,46,0,28,0,0,0,0,0,0,44,0,135,67,0,0,0,0,0,31,0,0,0,0,0,0,0,0,0,0,166,0,0,0,0,0,0,0,0,0,0,0,0,0,0
เชียงใหม่-3,4308,12769,28624,244,487,2568,267,90,2154,137,1028,77,0,399,182,0,240,0,187,114,0,144,339,315,201,1251,494,308,0,62,90,86,0,64040,0,185,0,0,0,35,0,0,0,0,0,0,0,0,197,0,0,0,0,0,0,78,0,0,0,0,0,0,0,0,0,0,0,0,0,0,0,0,0,0,0,0,0,0,0,0,0
เชียงใหม่-4,4918,30520,35576,67,563,2948,234,105,0,169,417,0,0,356,390,0,243,0,477,111,0,0,333,98,320,1444,159,44,0,86,142,86,0,37454,0,122,0,39,0,44,0,0,87,0,0,77,0,0,536,497,0,0,0,0,0,169,0,0,0,0,0,0,0,0,0,0,0,0,0,0,0,0,0,0,80,0,0,0,0,0,0
เชียงใหม่-5,4816,29170,27940,504,931,2550,245,318,1347,318,1292,0,0,299,482,0,505,0,438,307,0,0,1761,499,252,0,177,77,0,231,96,409,0,41169,0,141,0,216,0,58,0,0,0,0,0,91,49,0,312,187,130,0,0,0,0,133,0,0,0,0,0,0,0,0,0,0,0,0,0,0,0,0,0,0,167,0,0,0,0,0,0
เชียงใหม่-6,4532,12944,17377,251,219,983,274,28,866,568,569,60,166,109,280,0,333,0,153,61,0,0,1062,187,273,151,55,34,0,387,49,40,0,23576,0,0,0,0,0,117,0,0,161,0,0,77,59,0,122,1149,0,0,0,0,0,113,0,0,0,0,0,0,0,0,0,0,0,0,0,0,0,0,0,0,58,0,0,0,0,0,0
เชียงใหม่-7,3440,8719,19729,0,18925,1032,202,237,0,457,478,0,0,144,645,0,537,0,269,72,0,0,613,299,576,633,130,52,0,273,0,98,0,27477,0,0,0,89,0,131,0,0,0,0,0,520,132,0,163,332,0,0,0,0,0,109,0,0,0,0,0,0,0,0,0,0,0,0,0,0,0,0,0,0,99,0,0,0,0,0,0
เชียงใหม่-8,2508,39221,29556,594,677,1864,242,0,1246,131,362,317,0,139,119,0,440,0,500,132,0,0,538,0,175,0,86,57,0,231,0,54,0,52165,0,0,0,125,0,55,0,0,0,0,0,459,868,0,106,790,0,0,0,0,0,581,0,0,0,0,0,0,0,0,0,0,73,0,0,0,0,0,0,0,0,52,0,0,0,0,0
เชียงใหม่-9,4692,32532,17558,1242,1064,1055,625,157,452,852,0,231,206,946,1574,0,481,0,643,188,0,0,708,303,667,0,111,95,0,188,160,220,0,39390,0,979,0,74,0,175,0,0,0,0,0,0,108,0,114,0,0,0,0,0,0,79,0,0,0,0,0,0,0,0,0,0,0,0,450,0,0,0,0,0,0,0,0,0,0,0,0
ตรัง-1,38332,39416,17371,1395,1380,2664,618,0,2491,1338,706,281,958,264,0,0,217,281,412,0,52,0,10017,0,690,594,470,303,1707,125,0,248,0,0,0,0,760,105,226,0,251,0,282,0,0,0,0,149,0,303,78,0,0,0,0,0,0,0,0,0,0,161,0,0,0,0,0,0,0,0,0,319,0,0,0,0,0,0,0,0,0
ตรัง-2,47640,33457,10427,1113,3468,2848,264,0,936,1028,486,230,401,879,0,0,148,84,758,0,48,0,12268,0,217,616,315,79,486,119,0,205,0,0,0,71,452,117,215,0,31,0,269,0,0,0,0,157,0,29,49,0,0,0,0,0,0,0,0,0,0,0,0,0,0,0,0,0,0,0,0,786,0,0,0,0,0,0,0,0,0
ตรัง-3,51602,31019,13038,2879,3541,2158,301,0,1267,483,754,321,998,0,0,224,98,460,211,0,92,0,5183,0,533,302,260,191,350,77,0,509,0,0,0,81,894,281,311,0,326,0,567,0,0,0,0,0,0,0,161,0,0,0,0,0,0,0,0,0,0,0,0,0,0,0,0,0,0,0,0,670,0,0,0,0,0,0,0,0,0
ตราด-1,30642,23417,36744,1409,6310,5667,2861,0,1997,235,2786,0,0,0,189,275,498,0,225,0,0,0,324,436,0,1433,513,132,0,256,0,0,0,0,0,0,400,548,0,0,0,0,0,0,0,148,0,0,0,0,0,0,0,0,0,439,0,0,0,0,0,0,0,0,0,0,0,0,0,0,0,0,0,0,0,0,0,0,0,0,0
ตาก-1,16142,43787,19664,279,9217,2298,680,145,0,595,10954,224,0,584,363,0,218,0,507,0,0,0,757,0,0,0,79,138,0,163,0,53,0,0,0,0,0,229,0,0,0,0,271,0,0,0,0,0,0,76,0,0,0,0,0,0,0,0,0,0,0,64,0,0,0,0,0,0,0,0,0,0,0,0,0,0,0,0,0,0,0
ตาก-2,32929,17164,18314,1603,343,2116,445,96,0,366,946,1012,0,451,167,0,149,0,150,0,0,0,641,0,0,0,467,56,0,191,187,73,0,0,0,0,0,171,0,0,0,0,0,0,0,0,96,588,0,169,0,0,0,0,0,0,0,0,0,0,0,63,0,0,0,0,0,0,0,322,0,0,0,41,0,0,0,0,0,0,0
ตาก-3,13238,20784,9916,0,3047,2072,160,704,580,316,4389,0,0,252,1444,0,237,0,238,0,0,0,283,0,0,0,498,110,0,202,181,131,0,19244,0,0,0,721,0,0,0,0,0,0,0,0,109,292,0,253,0,0,0,0,0,0,0,0,0,0,0,125,0,0,0,0,0,0,0,0,0,0,0,0,0,0,0,0,0,0,0
นครนายก-1,17066,35005,21038,1134,1151,3439,320,0,1912,0,569,0,1057,0,240,0,815,0,265,0,0,0,1707,0,0,519,362,0,0,215,249,0,0,60943,0,0,0,0,0,0,0,0,0,0,0,0,0,159,0,332,0,0,0,0,0,0,0,0,0,0,0,0,0,0,0,0,0,0,0,0,0,0,0,0,0,0,0,0,0,0,0
นครปฐม-1,35762,20355,35615,0,1450,4065,459,0,0,2030,1425,0,0,0,316,0,307,0,161,0,0,140,135,606,0,664,427,0,0,275,0,157,0,0,0,0,0,0,0,67,0,0,0,0,0,0,0,0,0,0,0,0,0,0,159,149,0,0,0,0,0,0,0,0,0,0,0,0,0,0,0,0,0,0,0,0,0,0,0,0,0
นครปฐม-2,6522,8692,24763,0,8933,3332,2815,0,1672,30215,734,0,0,0,84,29,22634,0,397,0,0,122,258,390,0,227,189,0,0,86,0,99,0,0,0,0,0,0,0,37,0,0,0,0,0,0,0,73,0,0,73,0,0,0,145,157,0,0,0,0,0,0,0,0,0,0,0,0,0,0,0,0,0,0,0,0,0,0,0,0,0
นครปฐม-3,6693,23441,40661,0,1244,8919,1491,0,1863,12258,3023,0,0,0,247,81,393,0,264,0,0,257,594,610,0,919,342,0,0,261,0,187,0,0,0,0,335,0,0,182,0,0,0,0,0,0,0,0,0,0,134,0,0,0,92,416,0,0,0,0,0,0,0,0,0,0,0,0,0,0,0,0,0,0,0,0,0,0,0,0,0
นครปฐม-4,8613,32110,29998,0,1029,4286,1214,0,2042,22533,2557,0,0,0,204,94,216,0,412,0,0,504,316,371,0,747,510,160,0,172,0,122,0,0,0,0,0,0,0,56,0,0,0,0,0,0,0,0,0,0,0,0,0,0,0,327,0,0,0,0,0,0,0,0,0,0,0,0,0,0,0,0,0,0,0,0,0,0,0,0,0
นครปฐม-5,18970,18741,34164,0,1178,6010,614,0,3113,12279,2813,0,0,0,397,121,341,0,779,0,0,180,192,394,0,342,449,0,0,137,0,168,0,0,0,0,0,0,0,70,0,0,0,0,0,0,0,343,0,0,0,0,0,0,0,84,0,0,0,0,0,0,0,0,0,0,0,0,0,0,0,0,0,0,0,0,0,0,0,0,0
นครพนม-1,434,6799,7354,128,48719,1202,89,0,198,90,1538,0,116,59,206,0,462,0,178,0,0,0,130,299,138,263,67,97,0,0,0,70,0,21049,0,0,0,47,0,0,0,0,206,0,0,0,0,23,0,260,0,0,0,0,0,0,0,0,313,0,0,0,0,0,0,0,0,0,0,0,0,0,0,0,0,0,0,0,0,0,0
นครพนม-2,817,22688,11229,0,2251,2011,67,0,570,555,642,0,47,77,47,0,207,0,0,0,0,0,97,219,50,61,403,323,0,82,15,90,0,42990,0,58,0,61,0,0,0,0,81,0,0,0,0,725,0,191,0,0,0,0,0,0,0,0,2281,0,0,0,0,0,0,0,0,0,0,0,0,0,0,0,0,0,0,0,0,0,0
นครพนม-3,806,29515,12059,59,641,1823,66,0,353,294,283,0,34,148,25,0,108,0,76,0,0,0,155,137,159,389,190,163,0,529,51,15,0,33645,0,64,0,95,0,0,0,0,140,0,0,0,0,348,0,0,0,0,0,0,0,0,0,0,5000,0,0,0,0,0,0,0,1368,0,0,0,0,0,0,0,0,0,0,0,0,0,0
นครพนม-4,858,28326,7795,0,1289,1341,97,0,256,92,117,0,136,0,229,42,110,0,84,0,0,0,163,227,244,69,409,36,0,74,33,72,0,44675,0,0,0,26,0,0,0,0,77,0,0,0,0,793,0,609,0,0,0,0,0,0,0,0,1481,0,0,0,0,0,0,0,100,0,0,0,0,0,0,19,0,0,0,0,0,0,0
นครราชสีมา-1,3202,25982,23855,302,11108,2421,1062,0,3090,528,387,81,0,141,273,73,517,0,71,145,0,0,107,258,0,15526,315,37,0,103,43,252,0,15990,21,0,0,73,61,0,6,0,115,0,0,0,0,0,0,26,69,0,0,0,0,0,0,0,0,0,140,101,0,0,0,0,44,0,0,0,0,0,0,21,0,0,0,0,0,0,0
นครราชสีมา-2,2897,24518,25316,564,3423,2808,520,0,0,458,255,131,89,428,176,0,355,147,290,0,0,0,159,300,0,28216,213,79,0,225,67,206,0,18979,79,0,0,0,83,0,0,0,76,0,0,0,0,0,0,0,73,0,0,0,0,0,0,0,0,0,139,0,0,0,0,0,418,0,0,0,0,0,0,68,0,0,0,0,0,0,0
นครราชสีมา-3,1363,12441,11783,0,8746,1275,189,0,1221,0,288,74,54,135,140,151,343,0,77,0,0,0,117,438,0,27584,322,36,0,64,0,154,0,41412,0,0,0,40,24,0,0,0,0,0,0,386,0,0,0,79,69,0,0,0,0,701,0,0,0,0,231,0,0,0,0,0,0,0,0,0,0,0,0,0,0,0,0,0,0,0,0
นครราชสีมา-4,875,39774,8701,0,33674,1091,421,0,447,115,317,29,0,0,177,37,119,120,43,42,0,0,48,0,0,856,137,65,0,1128,0,50,0,14947,29,239,30,70,18,0,0,0,50,0,0,63,0,0,0,200,10,0,0,0,0,0,0,0,0,0,38,0,0,0,0,0,0,0,0,0,0,0,0,649,0,0,0,0,0,0,0
นครราชสีมา-5,1546,24177,10365,254,15185,0,296,0,1293,118,321,32,66,135,94,53,108,0,227,0,0,0,93,568,224,1431,141,182,0,813,0,140,0,33606,0,58,165,251,30,0,80,0,0,0,0,0,0,402,0,58,31,0,0,0,0,0,0,0,0,0,704,61,0,0,0,0,0,0,0,169,0,0,0,0,0,0,0,0,0,0,0
นครราชสีมา-6,527,40454,7545,205,4751,860,82,0,570,88,231,41,55,45,267,28,140,0,115,0,0,0,72,0,36,829,325,118,0,61,0,28,0,26697,0,0,146,155,461,0,824,0,0,0,0,0,0,0,0,134,70,0,0,0,0,0,0,0,0,0,164,0,0,0,0,0,0,0,0,0,0,0,0,0,0,0,0,0,0,0,0
นครราชสีมา-7,1840,35983,9822,78,21086,1139,614,0,808,360,310,58,0,59,262,38,394,0,190,0,0,0,234,161,0,552,102,97,0,46,0,99,0,23385,0,0,0,34,26,0,0,0,0,0,0,0,0,334,0,74,41,0,0,0,0,0,0,0,0,0,137,0,0,0,0,0,0,0,0,0,0,0,0,0,0,0,0,0,0,0,0
นครราชสีมา-8,879,36473,8556,26,34817,933,306,0,0,467,714,33,120,252,191,43,115,0,49,0,0,0,132,997,252,823,102,77,0,40,0,156,0,12986,21,15,71,99,117,0,0,0,51,0,0,102,0,0,0,25,73,0,0,0,0,0,0,0,0,0,179,851,0,0,0,0,0,0,0,0,0,0,0,16,0,0,0,0,0,0,0
นครราชสีมา-9,1666,30795,12623,123,38632,1459,349,0,1295,118,184,47,0,205,305,168,101,0,69,37,0,0,111,231,0,4102,279,52,0,66,41,252,0,13542,0,157,0,286,61,51,0,0,643,0,0,0,0,32,0,103,26,0,0,0,0,51,0,0,0,0,236,39,0,0,0,0,0,0,0,0,0,0,0,638,0,0,0,0,0,0,0
นครราชสีมา-10,846,28778,7350,39,51728,749,98,0,512,58,131,22,41,22,114,0,84,0,48,0,0,0,0,101,0,766,78,30,0,33,118,61,0,9933,23,83,819,344,22,0,0,0,0,0,0,23,0,568,0,112,8,0,0,0,0,0,0,0,0,0,19,40,0,0,0,0,0,0,0,0,0,0,0,0,0,0,0,0,0,0,0
นครราชสีมา-11,1335,41918,11436,40,27780,1270,255,0,1068,103,87,62,0,562,352,36,174,0,123,0,0,0,0,1048,0,2560,355,18,0,113,0,200,0,14414,0,42,0,22,54,0,0,0,0,0,0,0,0,0,0,33,0,0,0,0,0,0,0,0,0,0,53,87,0,0,0,0,51,0,0,0,0,0,0,0,0,0,0,0,0,0,0
นครราชสีมา-12,2665,14726,12976,0,25788,1153,376,0,1119,265,1021,84,0,128,187,26,178,0,29,41,0,0,263,205,0,1814,191,19,0,90,0,67,0,33729,0,25,0,35,32,0,0,0,42,0,0,0,0,0,0,389,38,0,0,0,363,0,0,0,0,0,136,0,0,0,0,0,0,0,0,0,0,0,0,0,0,0,0,0,0,0,0
นครราชสีมา-13,1603,10697,9407,80,39161,1486,450,0,541,106,243,178,0,0,367,48,242,0,102,66,0,0,128,221,0,6531,191,52,0,588,0,157,0,33983,0,0,827,105,0,0,0,0,0,0,0,153,0,269,0,49,129,0,0,0,0,0,0,0,0,0,55,46,0,0,0,0,0,0,0,0,0,0,0,0,0,0,0,0,0,0,0
นครราชสีมา-14,1198,21536,9785,268,26731,878,350,0,431,291,590,0,0,147,100,571,187,0,70,0,0,0,107,699,248,1300,295,19,0,80,0,30,0,27569,97,0,78,25,24,0,0,0,0,0,0,0,0,0,0,42,55,0,0,0,0,0,0,0,0,0,579,0,0,0,0,0,71,0,0,0,0,0,0,0,0,0,0,0,0,0,0
นครศรีธรรมราช-1,18434,36361,13524,379,18611,1606,423,0,1950,1876,641,320,106,82,136,265,294,0,59,63,92,0,1761,302,0,497,87,32,112,75,0,237,0,0,29,196,73,281,0,0,0,0,0,0,0,0,0,0,0,91,0,0,0,0,0,0,0,11,0,0,0,40,0,0,0,0,96,0,0,0,0,417,0,0,0,0,0,0,0,0,0
นครศรีธรรมราช-2,28181,34613,7112,928,8771,1618,0,0,975,13081,506,1182,268,444,174,140,502,0,165,142,409,0,1170,181,0,400,153,43,87,123,0,85,0,0,15,170,279,637,0,55,0,0,0,0,58,0,0,1015,0,129,0,0,0,0,136,0,0,149,0,0,0,0,0,0,0,0,0,0,0,109,0,721,0,0,0,316,0,0,0,0,0
นครศรีธรรมราช-3,33310,28742,11754,812,15490,1370,580,0,600,3323,244,103,666,0,145,89,612,0,493,153,0,0,445,859,0,417,468,99,125,348,126,129,0,0,25,129,0,422,179,47,0,0,0,0,996,0,0,0,0,0,0,0,0,0,81,0,0,123,0,0,0,269,0,0,0,0,0,0,0,0,0,0,0,0,0,58,0,0,0,0,0
นครศรีธรรมราช-4,28880,22644,8972,174,17037,2808,1394,0,892,4003,555,351,164,103,138,401,933,0,933,571,0,0,4170,157,342,2349,2120,64,54,326,39,224,0,0,45,70,0,169,50,0,41,0,0,0,0,0,0,0,0,274,0,0,0,0,0,0,0,153,0,0,0,0,0,0,0,0,350,0,0,0,0,351,0,0,0,180,0,0,0,0,0
นครศรีธรรมราช-5,30815,19591,7226,584,2849,1800,772,0,510,24435,2493,302,0,413,380,106,173,0,134,65,554,0,1077,0,282,357,105,63,377,110,87,254,0,0,278,308,593,482,334,12,137,0,0,0,0,0,0,179,0,128,0,0,0,0,0,0,0,0,0,0,0,0,0,0,0,0,0,0,0,0,0,293,0,0,0,0,0,0,0,0,0
นครศรีธรรมราช-6,34618,23274,8798,294,13720,1891,1841,0,625,5470,477,183,408,82,135,50,286,0,372,125,107,0,337,222,0,315,87,81,109,275,0,114,0,0,293,103,42,178,93,18,39,0,0,0,0,71,0,0,0,373,0,0,0,0,0,0,0,35,0,0,0,0,0,0,0,0,115,0,0,0,0,0,0,0,0,0,0,0,0,0,0
นครศรีธรรมราช-7,24686,29576,10222,2540,8787,1255,1046,0,834,1010,669,242,391,247,1556,46,572,0,51,0,0,0,4251,130,93,964,392,280,233,327,682,224,0,0,257,38,0,915,177,0,92,0,0,0,83,0,0,0,0,14,0,0,0,0,0,0,0,56,0,0,0,0,0,0,0,0,0,0,0,0,0,59,0,0,0,21,0,0,0,0,0
นครศรีธรรมราช-8,41771,22933,11371,1227,1973,4511,3847,0,1200,1055,931,276,812,205,214,160,219,0,144,0,300,0,4305,191,436,1150,617,25,272,201,0,0,0,0,360,42,0,1478,99,402,0,0,0,0,0,0,0,0,0,204,0,0,0,0,0,0,0,114,0,0,0,0,0,0,0,0,0,0,0,0,0,512,0,0,0,171,0,0,0,0,0
นครสวรรค์-1,19987,24656,17374,0,4959,2159,449,61,1817,705,369,0,347,63,298,0,384,0,169,0,0,0,122,443,0,205,133,22,0,108,0,74,0,22643,0,47,0,84,0,53,0,0,0,0,0,0,0,0,0,303,0,0,0,0,0,50,0,0,0,0,0,206,0,0,0,0,0,0,0,0,0,0,0,0,0,0,0,0,0,0,0
นครสวรรค์-2,6313,31051,11001,0,25069,1106,349,73,1143,547,242,0,138,42,198,0,211,0,101,0,0,0,357,311,0,246,135,88,0,147,407,56,0,22479,0,0,0,0,0,0,0,0,65,0,0,0,0,42,0,59,0,0,0,0,0,292,0,0,0,0,0,62,0,0,0,0,0,0,0,0,0,0,0,0,0,0,0,0,0,0,0
นครสวรรค์-3,6629,32868,10668,0,10623,1347,296,55,511,81,1014,0,255,132,154,0,98,0,216,0,0,0,491,235,0,116,154,117,0,110,889,174,0,27193,0,58,0,0,0,260,0,0,125,0,0,0,0,274,0,59,0,0,0,0,0,233,0,0,0,0,0,52,0,0,0,0,0,0,0,0,0,0,0,0,0,0,0,0,0,0,0
นครสวรรค์-4,3240,10144,8340,0,33642,1466,390,422,475,228,399,0,163,148,370,0,136,0,156,184,0,0,1087,104,0,342,239,428,0,64,45,41,0,30141,0,0,0,0,60,127,0,0,86,0,0,0,0,0,0,96,0,0,0,0,0,99,0,0,0,0,0,43,0,0,0,0,0,0,0,0,0,0,0,0,0,0,0,0,0,0,0
นครสวรรค์-5,26192,16051,9415,267,990,1094,575,0,715,158,498,0,138,336,175,0,72,0,523,0,0,0,88,171,0,414,271,277,0,69,74,168,0,34367,0,0,508,0,0,51,0,0,0,0,0,0,0,0,0,0,0,0,198,0,0,81,0,0,0,0,0,66,0,0,0,0,0,0,0,0,0,0,0,0,0,0,0,0,0,0,0
นครสวรรค์-6,3093,25998,6331,0,685,1382,369,0,376,105,0,0,131,100,388,0,485,0,73,64,0,0,232,134,0,22956,94,37,0,296,41,0,0,19692,0,0,0,680,198,30,0,0,59,0,0,0,0,83,0,60,0,0,0,0,0,109,0,0,0,0,0,617,0,0,0,0,0,0,0,0,0,0,0,0,0,0,0,0,0,0,0
นนทบุรี-1,21225,31767,27292,308,1014,2988,560,0,5523,202,229,0,0,102,127,0,551,0,51,76,0,0,726,256,0,297,85,0,0,87,36,198,0,30982,0,0,61,49,38,118,0,0,104,0,0,0,0,0,0,0,0,0,0,0,0,0,0,0,0,0,0,0,0,0,0,0,0,0,0,0,0,0,0,0,0,0,0,0,0,0,0
นนทบุรี-2,18011,27725,22816,0,680,2731,384,0,4924,264,156,0,156,0,78,0,550,0,45,34,0,104,263,229,0,247,52,46,0,72,56,157,0,28954,0,0,202,73,0,0,0,0,71,0,0,0,0,40,0,27,0,0,0,0,0,0,0,0,0,0,0,0,0,0,0,0,0,0,0,0,0,0,0,0,0,0,0,0,0,0,0
นนทบุรี-3,18344,29171,28962,74,3055,3540,508,0,5045,245,462,0,50,169,146,0,372,0,98,0,0,153,212,306,111,114,57,0,0,116,430,192,0,32905,0,0,273,0,48,46,0,0,156,0,0,0,0,115,0,16,0,0,0,0,0,0,0,0,0,0,0,0,0,0,0,0,0,0,0,0,0,0,0,0,0,0,0,0,0,0,0
นนทบุรี-4,21160,25342,27979,114,991,2787,3890,0,0,239,226,0,0,140,79,0,511,0,90,0,0,0,309,226,0,238,55,48,0,74,157,214,0,33408,0,0,89,20,34,101,0,0,87,0,0,0,0,48,0,0,0,0,0,0,0,0,0,0,0,0,0,0,0,0,0,0,0,0,0,0,0,0,0,0,0,0,0,0,0,0,0
นนทบุรี-5,18406,32972,32953,0,2024,3575,742,0,0,1231,432,0,0,215,170,0,658,0,110,172,0,0,287,276,0,221,84,0,0,0,72,275,0,33764,0,0,185,0,0,60,0,0,219,0,0,0,0,49,0,41,0,0,0,0,0,0,0,0,0,0,0,0,0,0,0,0,0,0,0,0,0,0,0,0,0,0,0,0,0,0,0
นนทบุรี-6,27782,17639,23175,500,2270,2946,234,0,3032,649,516,0,58,91,134,0,342,0,175,60,0,0,158,350,0,266,55,0,0,86,54,251,0,32748,0,0,319,37,29,59,0,0,278,0,0,0,0,0,0,0,0,0,0,0,0,0,0,0,0,0,0,0,0,0,0,0,189,0,0,0,0,0,0,0,0,0,0,0,0,0,0
นราธิวาส-1,15122,32268,8761,22555,2267,789,12102,0,379,402,278,0,76,59,33,175,51,0,0,24,183,88,570,0,0,69,0,113,48,22,0,0,0,1532,0,115,98,64,0,0,0,0,0,0,0,0,0,115,0,121,15,0,0,0,0,0,0,11,104,0,9,0,0,0,0,0,0,0,0,0,0,199,0,0,0,143,0,0,0,0,0
นราธิวาส-2,13012,34211,6325,21825,967,1013,8695,0,444,218,224,0,83,179,36,19,56,0,169,391,34,94,223,0,0,185,0,76,100,25,154,0,0,0,0,133,450,61,35,0,0,0,37,0,0,0,0,160,0,34,0,0,0,0,0,0,0,24,316,0,9,0,0,0,0,0,0,0,0,0,0,643,0,0,0,0,0,0,0,0,0
นราธิวาส-3,10583,15596,6129,39438,772,585,19525,0,0,147,411,0,173,139,97,208,45,0,154,40,89,0,185,0,0,165,0,94,21,417,0,0,0,1321,0,173,62,61,53,72,0,0,112,0,0,0,0,77,0,225,0,0,0,0,0,0,0,76,248,0,79,0,0,0,0,0,0,0,0,0,0,467,0,0,0,0,0,0,0,0,0
นราธิวาส-4,8777,3179,6470,40807,34451,709,11540,0,149,322,157,0,102,43,30,0,109,0,121,31,41,241,159,0,0,0,0,48,69,560,0,69,0,1453,0,155,79,222,0,0,0,0,133,0,0,0,0,447,0,122,0,0,0,0,0,0,0,18,396,0,37,0,0,0,0,0,0,0,0,0,0,147,0,0,0,0,198,0,0,0,0
น่าน-1,6916,23269,18394,135,494,1210,246,431,917,0,745,129,647,210,1061,0,9663,0,138,316,0,0,451,0,0,0,143,137,0,67,274,114,0,36949,0,0,276,92,0,0,0,0,0,0,0,0,0,0,398,884,0,0,0,0,0,0,0,0,0,0,0,0,0,0,0,0,0,0,0,0,0,0,0,0,0,0,0,0,0,0,0
น่าน-2,8954,13829,16066,259,138,979,467,162,480,3776,2145,127,0,331,216,0,0,0,118,234,0,0,310,0,0,0,126,79,0,164,153,174,0,46824,0,0,0,521,0,0,0,0,0,0,0,0,0,0,405,259,0,0,0,0,0,0,0,0,0,0,0,0,0,0,0,0,0,0,0,0,0,0,0,347,0,0,0,0,0,0,0
น่าน-3,2743,22640,13014,261,903,1609,412,142,521,5351,297,94,647,715,604,0,0,0,201,179,0,0,882,0,0,0,151,78,0,178,591,137,0,31659,0,0,0,0,0,0,274,0,0,0,0,0,0,0,119,2203,0,0,0,0,0,0,0,0,0,0,0,0,0,0,0,0,0,0,0,0,0,0,0,0,0,0,0,0,0,0,0
บึงกาฬ-1,1268,11862,17072,0,30926,1253,366,0,495,316,457,0,70,189,78,134,261,0,53,0,0,0,339,142,30,572,146,65,0,676,87,54,0,36117,44,0,0,562,23,0,0,0,42,0,0,86,0,315,0,1233,0,0,0,0,0,0,0,0,0,324,0,159,0,198,0,0,0,0,0,0,0,0,0,0,0,0,0,0,0,0,0
บึงกาฬ-2,1896,15861,19732,215,16584,1352,232,0,1310,2549,1918,0,126,112,201,89,126,0,52,314,0,0,145,125,0,0,103,32,0,84,41,234,0,35359,0,75,0,123,79,0,0,0,0,0,0,108,0,110,0,565,0,0,0,0,0,0,0,0,0,23,0,277,0,745,0,0,0,761,0,0,0,0,0,0,0,0,0,0,0,0,0
บุรีรัมย์-1,2770,25979,19403,0,41513,2054,366,0,1190,778,2118,156,0,800,267,64,126,0,280,0,0,0,136,609,0,114,0,158,0,82,162,428,0,0,200,224,0,63,0,54,0,0,159,0,0,0,0,0,0,78,0,0,0,0,0,0,0,0,0,0,0,238,0,0,0,0,0,0,0,0,0,0,0,0,0,0,0,0,0,0,0
บุรีรัมย์-2,2091,13137,11560,261,34212,868,556,0,333,133,418,74,0,128,47,591,289,0,144,0,0,0,206,128,0,282,0,129,0,134,47,73,0,27956,328,0,0,61,0,76,0,0,0,0,0,0,0,0,0,34,79,0,0,0,0,0,0,0,0,0,0,443,0,0,0,0,0,0,0,0,0,0,0,0,0,0,0,0,0,0,0
บุรีรัมย์-3,1513,11147,10101,0,45821,677,409,0,423,62,635,74,0,290,45,277,101,0,1076,0,0,0,125,61,0,121,0,58,0,73,41,78,0,24001,104,0,0,45,18,29,0,0,89,0,0,0,0,0,0,32,58,0,0,0,0,0,0,0,0,0,0,56,0,0,0,0,0,0,0,0,0,0,0,0,0,0,0,0,0,0,0
บุรีรัมย์-4,958,16741,7780,0,47481,719,402,0,352,498,489,65,0,94,125,185,240,0,1252,0,0,0,199,81,0,316,0,234,0,40,85,74,0,20910,0,160,34,104,0,55,100,0,199,0,0,0,0,0,0,19,201,0,0,0,0,0,0,0,0,0,0,49,0,0,0,0,0,0,0,0,0,0,0,0,0,0,0,0,0,0,0
บุรีรัมย์-5,2324,13643,16557,1319,47609,1091,526,0,853,351,1938,0,88,265,167,86,260,0,865,0,0,0,439,0,0,246,0,679,0,209,73,527,0,0,0,669,83,333,0,73,403,0,0,0,0,0,0,0,0,48,0,0,0,0,0,0,0,0,0,0,0,57,0,0,0,0,0,0,0,0,0,0,0,0,0,0,0,0,0,0,0
บุรีรัมย์-6,1901,14702,12114,142,43327,1268,388,0,715,120,182,33,162,105,154,27,232,0,820,0,0,0,104,154,0,518,0,37,0,400,34,266,0,33562,0,77,24,93,0,42,33,0,0,0,0,0,0,0,0,61,0,0,0,0,0,0,0,0,0,0,0,23,0,0,0,0,0,0,0,0,0,0,0,0,0,0,0,0,0,0,0
บุรีรัมย์-7,5222,26885,16931,0,39215,1808,105,0,444,116,1387,220,0,0,0,559,109,0,109,0,0,0,57,181,0,157,0,31,0,70,0,251,0,0,0,73,0,436,0,31,109,0,0,0,0,0,0,0,0,630,102,0,0,0,0,0,0,0,0,0,0,118,0,0,0,0,0,0,0,0,0,0,0,0,0,0,0,0,0,0,0
บุรีรัมย์-8,2899,13218,19348,0,40597,3461,301,0,434,643,3858,112,155,450,351,167,533,0,129,0,0,0,76,0,0,285,0,270,0,477,251,137,0,0,458,110,0,289,64,975,41,0,140,0,0,0,0,0,0,85,253,0,0,0,0,0,0,0,0,0,0,286,0,0,0,0,0,0,0,0,0,0,0,0,0,0,0,0,0,0,0
ปทุมธานี-1,9589,18720,21659,387,9411,2697,277,0,0,284,186,0,0,0,654,0,304,0,0,0,0,0,165,0,0,319,51,110,0,0,0,112,0,43437,0,0,0,26,0,0,0,48,0,0,0,0,0,84,0,37,0,0,0,0,0,0,0,0,0,0,0,0,0,0,0,0,0,0,0,0,0,0,0,0,0,0,0,0,0,0,0
ปทุมธานี-2,8560,19864,22752,373,9220,3164,347,0,0,169,276,0,90,0,131,0,300,0,0,0,0,0,71,0,0,559,39,0,0,0,0,76,0,45443,0,88,0,70,77,77,0,0,0,0,0,0,0,63,0,71,0,0,0,0,0,0,0,0,0,0,0,0,0,0,0,0,0,0,0,0,0,0,0,0,0,0,0,0,0,0,0
ปทุมธานี-3,5608,17465,32550,238,6426,3030,209,0,0,0,375,0,90,0,154,0,214,0,0,0,0,0,131,0,0,627,136,42,0,111,0,0,0,30372,0,59,0,54,95,31,0,20,0,0,0,0,0,195,0,185,0,0,0,0,0,0,0,0,0,0,0,0,0,0,0,0,0,0,0,0,0,0,0,0,0,0,0,0,0,0,0
ปทุมธานี-4,14024,21085,27330,90,10221,2797,343,0,3478,0,0,0,119,191,122,28,330,0,0,0,0,0,65,0,0,464,51,46,0,108,0,0,0,28600,0,90,0,31,60,28,0,0,0,0,127,0,0,0,0,40,0,0,0,0,0,0,0,0,0,0,0,0,0,0,0,0,0,0,0,0,0,0,0,0,0,0,0,0,0,0,0
ปทุมธานี-5,13074,21149,26837,166,5403,2531,307,0,0,840,927,0,112,0,476,0,323,0,0,0,0,0,105,0,0,223,58,52,0,0,0,95,0,35152,0,75,0,15,59,0,0,0,0,0,0,0,0,26,0,114,0,0,0,0,0,76,0,0,0,164,0,0,0,0,0,0,0,0,0,0,0,0,0,0,0,0,0,0,0,0,0
ปทุมธานี-6,3949,13353,16589,171,31496,1731,198,0,1862,191,247,0,305,272,69,29,243,0,0,0,0,0,123,0,0,87,31,44,0,0,0,53,0,30886,0,46,0,41,60,0,0,65,0,0,0,0,0,0,0,103,0,0,0,0,0,189,0,0,0,0,0,0,0,0,0,0,0,0,0,0,0,0,0,0,0,0,0,0,0,0,0
ประจวบคีรีขันธ์-1,30114,14862,9872,0,17723,1740,507,0,0,0,349,0,0,0,41,0,604,0,573,0,0,72,197,0,0,0,118,153,0,149,0,61,0,21108,0,0,0,58,0,0,105,0,0,0,0,0,0,224,0,56,0,0,0,0,0,943,0,0,0,0,0,0,0,0,0,0,0,0,0,0,0,0,0,0,0,0,0,0,0,0,0
ประจวบคีรีขันธ์-2,32401,15696,14925,93,380,2096,475,0,0,0,487,0,0,0,240,0,153,0,252,0,0,161,230,0,0,0,252,72,0,123,254,523,0,32507,0,0,0,46,0,0,21,0,0,0,0,36,0,123,0,62,0,0,0,0,0,104,0,0,0,0,0,0,0,0,0,0,0,0,0,0,0,0,0,0,0,0,0,0,0,0,0
ประจวบคีรีขันธ์-3,27656,23981,8080,383,16202,3404,676,0,0,0,335,0,305,66,300,0,511,0,172,65,0,0,195,0,205,0,65,49,0,225,0,45,0,5028,0,55,0,131,0,0,45,0,0,0,0,0,0,197,0,59,0,0,0,0,0,195,0,0,0,0,0,0,0,0,0,0,0,0,0,0,0,0,0,0,0,0,0,0,0,0,0
ปราจีนบุรี-1,3170,22986,13861,0,37454,1702,728,0,1248,0,550,0,62,0,119,0,247,0,48,0,0,0,129,0,0,0,103,103,0,93,0,153,0,13232,0,0,312,0,0,47,0,0,0,0,0,0,0,280,0,0,55,0,0,0,0,0,0,0,0,0,0,0,0,0,0,0,0,0,0,0,0,0,0,0,0,0,0,0,0,0,0
ปราจีนบุรี-2,7902,13219,16575,0,34359,2144,573,0,1143,0,400,0,83,0,84,0,151,0,55,82,0,0,249,0,0,0,34,70,0,105,60,233,0,18298,0,0,317,0,0,34,0,0,0,0,0,0,0,114,0,0,535,0,0,0,0,0,0,0,0,0,0,0,0,0,0,0,0,0,0,0,0,0,0,0,0,0,0,0,0,0,0
ปราจีนบุรี-3,3282,9137,10843,0,36266,1328,649,0,630,427,2434,0,136,0,309,0,322,0,140,0,0,0,330,0,0,0,62,53,0,0,0,0,0,22160,0,0,454,0,0,83,0,0,143,0,0,0,0,181,0,0,0,0,0,0,0,0,0,0,0,0,0,0,0,0,0,0,0,0,0,0,0,0,0,0,0,0,208,0,0,0,0
ปัตตานี-1,19883,5673,11951,15233,13487,857,11095,0,826,13614,77,0,73,128,52,58,59,0,110,24,178,17,292,0,0,255,55,26,333,136,132,83,0,1421,0,61,0,0,0,0,0,0,46,0,0,0,0,73,0,0,0,0,0,0,0,0,0,29,0,0,20,0,0,0,0,0,0,0,0,0,0,43,0,0,0,0,0,0,0,0,0
ปัตตานี-2,12885,3923,6936,17218,17652,1137,14918,0,344,857,188,0,210,214,81,30,187,0,499,24,177,0,5667,0,0,0,56,183,272,94,150,0,0,0,0,305,0,84,75,0,0,0,197,0,0,0,0,0,0,0,66,0,116,0,0,0,0,50,0,0,76,0,0,0,0,0,0,0,0,0,0,267,0,0,0,0,0,0,0,0,0
ปัตตานี-3,9980,11740,6742,36799,18109,632,2322,0,160,483,140,0,47,60,150,0,211,0,177,39,52,50,282,0,0,269,23,42,97,49,232,0,0,810,0,459,63,35,0,0,0,0,83,0,0,0,0,26,0,0,45,0,0,0,0,0,0,168,0,0,62,0,0,0,0,0,0,0,0,0,0,69,0,0,0,0,0,0,0,0,0
ปัตตานี-4,7685,15718,6741,29323,12623,485,8636,0,328,392,147,0,222,95,58,135,132,0,110,12,49,26,309,0,0,326,60,25,91,228,34,0,0,0,0,34,0,75,0,0,0,0,162,0,0,0,0,85,0,0,39,0,0,0,0,0,0,0,0,0,207,0,0,0,0,0,0,0,0,0,0,117,0,0,0,0,0,0,0,0,0
พระนครศรีอยุธยา-1,6198,0,22016,0,33632,6261,3490,0,0,422,102,0,246,0,72,0,269,0,177,37,0,0,269,506,0,255,53,78,0,0,0,207,0,25164,0,0,0,330,0,0,97,0,0,0,0,0,0,0,0,0,0,0,0,0,0,302,0,0,0,0,40,0,0,0,0,0,98,0,0,0,88,0,0,0,0,0,0,0,0,0,0
พระนครศรีอยุธยา-2,3342,24831,17995,0,27423,1703,243,0,1568,640,158,0,66,0,49,0,221,0,186,192,0,0,346,0,0,171,192,333,0,0,0,69,0,34309,0,0,590,51,0,0,0,0,105,0,0,0,0,224,0,0,0,0,0,0,0,99,0,0,0,0,0,0,0,0,226,0,445,0,0,0,0,0,0,0,0,0,0,0,0,0,0
พระนครศรีอยุธยา-3,3907,11610,20442,259,61916,2116,431,0,0,122,155,0,94,0,155,0,334,0,85,0,0,0,410,375,0,217,52,70,0,0,0,50,0,37635,0,0,0,57,0,0,38,0,130,0,0,0,0,0,0,80,0,0,0,0,0,112,0,0,0,0,0,0,0,0,0,0,133,0,0,0,0,0,0,0,0,0,0,0,0,0,0
พระนครศรีอยุธยา-4,4002,34105,16938,0,1975,2056,720,0,1150,191,120,0,154,0,244,0,151,0,179,0,0,430,616,0,0,671,172,83,0,0,0,183,0,50646,0,0,544,141,0,0,57,0,146,0,0,0,0,0,0,0,127,0,0,0,0,171,0,0,0,0,0,0,0,0,0,0,319,0,0,0,0,0,0,0,0,0,0,0,0,0,0
พะเยา-1,2462,52417,16326,0,260,1220,115,0,798,0,304,0,0,142,208,0,154,0,112,157,0,0,253,167,0,0,134,28,0,181,414,117,0,21971,0,199,0,135,0,0,0,0,0,0,0,28,0,0,156,221,0,0,0,0,0,0,0,0,0,0,0,0,0,0,0,0,242,0,0,0,0,0,0,0,0,0,0,0,0,0,0
พะเยา-2,2023,27017,19008,602,287,2026,329,0,883,0,542,0,0,131,211,0,212,0,170,429,0,0,420,170,0,0,147,79,0,147,81,97,0,37503,0,0,0,0,0,0,0,0,75,0,0,128,0,0,312,234,0,0,0,0,0,0,0,0,0,0,0,0,0,0,0,0,158,0,0,0,0,0,0,49,0,0,0,0,0,0,0
พะเยา-3,3244,41755,13259,497,230,969,219,0,596,0,2426,0,0,115,0,0,178,0,215,188,0,0,374,150,0,0,292,86,0,166,445,101,0,30761,0,0,0,60,0,0,0,0,83,0,0,69,0,0,87,469,79,0,0,0,0,0,0,0,0,0,0,124,0,0,0,0,310,0,0,0,0,0,0,0,0,0,0,0,0,0,0
พังงา-1,59816,31793,24296,4094,3299,4332,1701,0,1874,1257,2123,687,0,533,489,287,1433,228,569,314,535,0,614,435,427,0,1107,158,170,238,421,429,0,0,175,0,0,0,402,0,0,0,0,0,0,0,0,0,0,557,0,0,0,0,0,0,0,0,0,0,0,0,0,0,0,0,0,0,0,0,0,0,0,0,0,0,0,0,0,0,0
พัทลุง-1,30760,12168,9753,370,40518,1256,916,41,848,666,185,0,0,136,254,351,0,0,305,0,57,0,475,341,86,96,159,42,812,104,102,95,0,0,337,0,0,46,357,0,0,0,0,0,0,0,0,104,0,26,0,0,0,0,0,0,0,364,0,0,0,0,0,0,0,0,0,0,0,0,0,432,0,0,0,0,0,0,0,0,0
พัทลุง-2,22428,10309,6539,1688,47584,2606,652,84,1060,974,125,0,0,46,55,239,334,0,502,0,0,0,597,287,452,804,160,39,1978,91,126,63,0,3297,92,0,0,406,428,0,52,0,0,0,0,0,0,0,0,251,76,0,0,0,0,0,0,0,0,0,0,0,0,0,0,0,0,0,0,0,0,173,0,0,0,0,0,0,0,0,0
พัทลุง-3,34406,14144,8766,4282,31555,1997,841,503,955,2582,294,0,0,0,214,134,127,0,934,0,141,0,1308,0,348,381,77,138,481,101,222,142,0,0,92,0,406,780,344,0,0,0,0,0,0,0,0,5127,0,0,469,0,0,0,0,0,0,0,0,0,0,0,0,0,0,0,0,0,0,0,261,198,0,0,0,0,0,0,0,0,0
พิจิตร-1,11983,24781,18947,159,11580,20375,336,0,939,0,788,0,0,499,181,37,306,0,876,61,0,0,190,0,0,0,189,51,0,270,611,56,0,0,0,0,0,0,0,0,0,0,196,0,0,0,0,0,0,280,0,0,0,0,0,0,0,0,0,220,0,0,346,0,314,0,0,0,0,0,0,0,0,0,0,0,0,0,0,0,0
พิจิตร-2,5651,21466,18845,399,16821,10464,232,0,952,4469,1545,0,337,575,200,494,451,0,678,154,0,0,324,162,0,0,223,29,0,170,327,153,0,0,0,0,0,0,0,0,0,0,0,0,0,0,0,0,0,932,0,0,0,0,0,139,0,0,0,196,0,0,146,0,80,0,0,0,0,0,0,0,0,0,0,0,0,0,0,0,0
พิจิตร-3,6241,30325,16768,296,29535,3222,248,0,699,438,744,0,0,193,120,243,137,0,125,39,0,0,1875,144,0,0,238,41,0,158,116,627,0,0,0,0,0,0,0,0,0,0,0,0,0,0,0,0,0,100,0,0,0,0,0,602,0,0,0,69,0,0,0,0,100,0,0,0,0,0,0,0,0,0,0,0,0,0,0,0,0
พิษณุโลก-1,18613,23682,35579,0,2184,5114,707,41,2762,353,1608,0,235,612,302,0,331,0,139,181,0,0,223,366,0,299,213,144,0,121,145,115,0,0,0,91,0,34,0,44,0,0,0,0,0,0,0,307,0,750,0,0,0,0,0,0,0,0,0,0,0,0,0,0,191,0,0,0,0,0,0,0,0,0,0,0,0,0,0,0,0
พิษณุโลก-2,14680,27603,14725,0,390,1912,340,50,1448,206,1112,81,429,121,331,37,251,0,88,136,0,0,240,215,0,966,102,339,0,87,159,237,0,32965,0,51,0,33,0,23,0,0,0,0,0,0,0,240,0,98,0,0,0,0,0,0,0,0,0,0,0,0,0,0,47,0,0,0,0,0,0,0,0,0,0,0,0,0,0,0,0
พิษณุโลก-3,25003,25207,18820,0,505,3554,575,579,1284,0,5680,309,230,707,585,135,187,0,424,526,0,0,424,254,0,0,133,125,0,288,146,156,0,0,0,0,0,74,0,56,0,0,0,0,0,0,0,92,0,114,0,0,0,0,0,0,0,0,0,0,0,0,0,0,500,0,0,0,0,0,0,0,0,0,0,0,0,0,0,0,0
พิษณุโลก-4,17276,10035,18180,0,438,1285,574,85,993,103,127,41,148,201,80,0,235,0,305,0,0,0,170,573,0,1745,314,0,0,159,51,108,0,40252,0,0,0,0,0,33,0,0,0,0,0,0,0,0,0,98,499,0,0,0,0,0,0,0,0,0,0,0,0,0,61,0,0,0,0,0,0,0,0,0,0,0,0,0,0,0,0
พิษณุโลก-5,25002,28952,10643,321,486,759,367,74,577,124,214,42,231,748,146,0,310,0,583,365,0,0,271,157,0,605,166,0,0,78,136,70,0,16113,0,82,99,47,0,43,0,0,0,0,0,324,117,392,0,136,0,0,0,0,0,0,0,0,0,0,0,0,0,0,235,0,0,0,0,230,0,0,0,860,0,0,0,0,0,0,0
เพชรบุรี-1,16555,35106,14874,0,856,2345,0,0,1530,16474,411,72,0,0,46,0,205,0,129,0,0,187,645,0,0,0,115,0,0,149,0,0,0,0,0,115,0,1082,44,0,150,0,0,0,0,0,0,0,0,1084,0,0,0,0,0,0,0,0,0,0,0,0,0,0,0,0,0,0,0,0,0,0,0,0,0,0,0,0,0,0,0
เพชรบุรี-2,14670,34637,12141,0,25657,2638,0,0,1797,613,717,156,183,0,39,0,357,0,68,0,0,243,453,0,0,0,127,0,0,106,698,0,0,0,0,0,0,288,55,0,650,0,0,0,0,0,0,165,0,649,0,0,0,0,0,0,0,0,0,0,0,0,0,0,0,0,356,0,0,0,0,0,0,0,0,0,0,0,0,0,0
เพชรบุรี-3,21978,46901,13311,0,2754,2265,864,0,1177,1285,319,293,207,0,82,0,427,0,88,0,0,185,1469,0,0,0,142,0,0,98,347,0,0,0,0,532,0,154,325,0,309,0,0,0,0,0,0,182,0,649,69,0,0,0,0,0,0,0,0,0,0,0,0,0,0,0,0,0,0,0,0,0,0,0,0,0,0,0,0,0,0
เพชรบูรณ์-1,15119,37011,14178,646,397,1587,443,0,1065,14716,300,0,679,0,623,0,644,0,186,26,0,0,595,0,0,0,93,82,0,259,111,65,0,14432,0,44,306,475,0,0,0,0,77,0,0,36,0,0,0,229,0,0,0,0,0,0,0,0,0,0,0,148,0,0,0,0,0,0,0,0,0,0,0,0,0,0,0,339,0,0,0
เพชรบูรณ์-2,27918,49741,12336,0,6439,2024,196,0,496,300,2250,0,43,0,303,0,162,0,189,372,0,0,253,0,0,0,95,99,0,675,58,140,0,0,0,0,116,245,0,0,0,0,106,0,0,0,0,0,0,63,0,0,0,0,0,0,0,0,0,297,0,0,0,0,0,0,0,0,0,0,0,0,0,0,0,0,0,151,0,0,0
เพชรบูรณ์-3,5797,43242,10723,0,1329,1725,402,0,844,2597,287,0,139,0,412,0,219,0,189,116,0,0,144,0,0,304,308,92,0,170,58,333,0,26655,0,50,0,82,85,0,0,0,304,0,0,46,0,75,0,670,0,0,0,0,0,0,0,0,0,0,0,72,0,0,0,0,0,0,0,0,0,0,0,0,0,0,0,386,0,0,0
เพชรบูรณ์-4,3875,35225,11906,0,10246,1643,361,0,622,522,131,0,62,0,0,0,206,0,481,231,0,0,523,0,122,0,92,137,0,60,43,153,0,27842,0,0,150,129,0,0,0,0,399,0,0,116,0,269,0,1187,0,0,0,0,0,0,0,0,0,0,0,322,0,0,0,0,0,0,0,0,0,0,0,0,0,0,0,104,0,0,0
เพชรบูรณ์-5,5162,36034,30371,0,4134,3718,706,1877,828,0,5858,0,601,0,247,0,189,0,667,37,0,0,97,0,0,0,77,487,0,798,251,146,0,0,0,0,0,55,0,0,0,0,194,0,0,87,0,497,0,1119,0,0,0,0,0,0,0,0,0,0,0,149,0,0,0,0,0,0,0,0,0,0,0,0,0,0,0,99,0,0,0
แพร่-1,38035,15399,72016,0,363,5379,269,0,3511,0,3044,0,148,553,367,0,620,0,529,97,0,0,983,0,502,0,0,180,0,116,190,78,0,0,0,0,0,506,0,139,0,0,0,0,0,137,0,0,151,267,0,0,0,0,0,0,0,0,0,0,0,0,0,0,0,0,0,0,44,0,0,0,0,0,0,0,0,0,0,0,0
แพร่-2,14312,28223,55695,0,1251,5329,2454,0,1481,0,3821,0,501,737,535,0,0,0,104,105,0,0,480,0,321,0,0,49,0,0,134,77,0,0,0,0,0,106,0,0,0,0,0,0,0,185,0,0,100,1666,0,0,0,0,0,0,0,0,0,0,0,0,0,0,0,0,0,0,140,0,0,0,0,0,0,0,0,0,0,0,0
ภูเก็ต-1,25194,32338,22599,799,1041,3749,1207,0,3829,760,746,0,0,1230,106,0,222,0,0,255,0,0,280,0,341,0,160,133,358,106,0,198,0,0,82,0,246,58,0,0,0,0,0,0,0,0,0,0,0,49,0,0,0,0,0,0,0,0,0,0,0,0,0,0,0,0,0,0,0,0,0,0,0,0,0,100,0,0,0,0,0
ภูเก็ต-2,23958,27267,19963,2489,4068,2111,682,0,3138,1516,148,0,0,176,276,80,374,0,426,3031,0,0,876,0,278,0,523,140,159,131,0,127,0,7449,58,0,238,81,0,0,0,0,0,0,0,0,0,0,0,317,0,0,0,0,0,0,0,0,0,0,0,284,0,0,0,0,0,0,0,0,0,0,0,0,0,129,0,0,0,0,0
มหาสารคาม-1,2468,22805,23679,3057,9526,1550,140,258,1068,57,174,0,258,60,288,31,181,0,32,0,0,0,209,121,0,235,284,20,0,55,0,88,0,45366,0,84,0,21,25,331,69,0,42,0,113,12,0,182,0,140,0,0,186,0,0,0,0,0,461,0,0,55,0,56,0,0,0,0,0,0,0,0,0,0,0,0,0,0,0,0,0
มหาสารคาม-2,1133,12869,12642,0,25324,934,164,0,871,104,298,0,0,284,153,669,225,0,114,0,0,0,684,156,0,508,253,628,0,66,0,67,0,39758,0,35,40,269,102,30,37,0,98,0,0,0,0,125,0,59,0,0,0,0,0,107,0,0,516,0,0,430,0,106,0,0,0,0,0,0,0,0,0,37,0,0,0,0,0,0,0
มหาสารคาม-3,1518,16586,10617,0,26738,1603,165,31,546,40,135,0,0,0,251,643,51,0,246,0,0,0,280,100,0,470,35,38,0,187,0,32,0,36310,0,0,361,113,0,609,50,0,0,0,0,0,0,119,0,58,0,0,249,0,0,0,0,0,533,0,0,363,0,49,0,0,0,0,0,0,0,0,0,0,0,0,0,0,0,0,0
มหาสารคาม-4,1542,21195,14909,0,1913,1277,163,57,1309,94,9744,0,0,328,346,200,141,0,950,0,0,0,166,283,0,334,67,99,0,56,0,326,0,43368,0,0,253,26,562,55,46,0,158,0,60,87,0,715,0,235,0,0,75,0,0,32,0,44,0,0,0,42,0,0,0,0,0,0,0,0,0,0,0,0,0,0,0,0,0,0,0
มหาสารคาม-5,1272,8984,18303,0,23826,1289,109,65,597,31,988,0,0,122,354,0,217,0,24,0,0,0,148,92,0,121,91,39,0,98,0,80,0,51230,0,571,114,206,0,19,139,0,65,0,0,150,0,295,0,43,0,0,393,0,0,0,0,0,231,0,0,401,0,0,0,0,0,0,0,0,199,0,0,0,0,0,0,0,0,0,0
มุกดาหาร-1,826,22884,18663,228,1165,6160,155,0,708,268,813,0,63,334,99,118,84,0,220,0,0,0,196,412,152,56,309,41,0,325,426,105,0,37937,0,0,0,184,0,0,0,0,0,0,0,0,0,141,0,921,0,0,0,0,0,0,0,51,605,0,0,0,0,0,0,0,183,0,0,0,0,0,0,306,0,0,0,0,0,0,0
มุกดาหาร-2,1134,18327,13620,332,3675,3133,105,0,1095,3495,7954,0,253,221,144,0,81,375,225,0,0,0,230,232,149,148,333,84,0,546,0,128,0,34040,0,0,60,155,0,0,0,0,51,0,0,0,0,29,0,207,77,0,0,0,0,0,201,212,538,0,0,22,0,0,0,0,1034,0,0,0,0,0,0,526,0,0,0,0,0,0,0
แม่ฮ่องสอน-1,23050,29754,17148,943,14264,1724,1612,0,1057,3402,753,0,0,256,825,0,549,0,638,274,0,0,1407,453,863,13872,190,194,0,273,323,0,0,16747,0,644,823,805,0,0,0,0,0,0,0,0,0,0,200,206,0,0,0,0,0,0,0,0,0,0,0,0,0,0,0,0,0,0,368,0,0,0,0,0,0,0,0,0,0,0,0
ยโสธร-1,1307,23004,15656,0,15113,1070,231,0,480,164,697,92,214,408,45,0,74,0,122,0,0,0,217,498,104,584,101,299,0,49,138,124,0,38473,0,0,0,85,0,0,26,0,0,0,0,0,0,0,0,0,0,0,0,0,0,0,0,0,0,192,0,0,0,0,0,0,0,55,0,0,352,0,0,308,0,0,0,0,0,0,0
ยโสธร-2,1136,14292,7236,0,12176,602,122,0,256,0,0,51,43,342,84,0,212,0,690,39,0,0,142,350,88,457,138,43,0,68,32,108,0,50584,82,0,0,0,0,0,50,0,37,0,0,0,0,0,0,0,0,0,0,0,0,0,0,0,0,0,0,0,0,0,0,0,1768,0,0,0,0,0,0,0,0,0,0,0,0,0,0
ยโสธร-3,790,24383,8433,233,13555,891,118,0,212,889,1882,110,130,0,90,0,88,0,1385,571,0,0,65,81,52,172,40,21,0,50,45,40,0,40612,0,0,0,490,86,0,0,0,21,0,0,0,0,0,0,0,0,0,66,0,0,0,0,70,284,0,0,0,0,0,0,0,0,199,0,0,0,0,0,0,0,0,0,0,0,0,0
ยะลา-1,19705,23745,13229,22515,832,1659,2996,0,759,387,127,178,84,39,155,55,45,0,68,21,0,0,176,0,0,148,0,0,55,40,0,150,0,0,0,66,19,17,36,19,0,0,0,0,0,0,0,59,0,203,0,0,313,0,0,0,0,0,156,0,0,0,0,0,0,0,0,0,0,0,0,277,0,0,0,57,0,0,0,0,0
ยะลา-2,9279,1850,6340,37368,26638,514,7126,0,0,163,202,0,60,0,144,141,64,0,86,0,42,71,477,0,0,36,0,77,173,59,0,329,0,0,0,36,0,80,35,109,0,0,0,0,0,0,0,69,0,36,0,0,0,0,0,0,0,68,270,0,0,0,0,0,0,0,0,0,0,0,0,141,0,0,0,0,0,0,0,0,0
ยะลา-3,16816,12541,9399,38666,917,738,1088,0,515,430,227,118,93,136,124,134,35,0,104,79,0,0,147,0,0,2396,0,33,221,66,0,58,0,0,0,393,0,120,0,0,0,0,701,0,0,0,0,0,0,146,0,0,121,0,0,0,0,28,651,0,0,0,0,0,0,0,0,0,0,0,0,808,0,0,0,0,0,0,0,0,0
ร้อยเอ็ด-1,1749,17993,14263,223,483,3244,151,0,814,44899,261,0,0,84,0,222,97,0,128,32,0,0,218,98,139,1016,143,110,0,0,44,259,0,24000,0,11,0,103,38,0,0,0,0,0,0,0,24,127,0,0,0,0,0,0,0,0,36,0,0,0,146,25,0,0,0,0,108,0,0,0,0,0,0,0,0,0,0,0,0,0,0
ร้อยเอ็ด-2,7079,21701,12220,0,259,1162,390,0,688,658,967,294,142,115,932,122,164,0,51,416,0,0,353,140,111,139,107,0,0,79,78,27,0,47826,0,0,0,44,0,0,78,0,0,0,0,0,68,0,0,534,0,0,64,0,0,0,100,0,0,0,197,34,0,0,0,0,0,0,0,0,0,0,0,0,0,0,0,0,0,0,0
ร้อยเอ็ด-3,881,32715,12881,0,462,949,379,0,422,2384,940,82,0,96,88,18,92,0,197,0,0,0,102,57,250,583,46,0,0,47,136,0,0,37385,27,40,371,109,0,0,0,0,162,0,0,31,8,482,0,0,0,0,649,0,0,0,0,0,0,0,51,199,0,0,255,0,0,0,0,0,0,0,0,0,0,0,0,0,0,0,0
ร้อยเอ็ด-4,835,18408,12965,215,5971,809,170,0,468,187,217,60,0,418,85,0,215,0,21,0,0,0,664,193,266,0,159,0,0,28,115,36,0,50072,25,75,139,78,0,0,30,0,0,0,0,0,0,0,0,90,0,0,19,0,0,0,0,0,0,0,113,0,0,0,189,0,0,0,0,0,0,0,0,0,0,0,0,0,0,0,0
ร้อยเอ็ด-5,1065,9686,11172,0,393,1708,839,0,316,3743,521,0,0,955,59,285,100,0,0,0,0,0,403,78,126,32,47,0,0,38,93,61,0,58842,982,0,152,233,29,0,0,0,159,0,0,0,0,0,0,0,0,0,0,0,0,0,31,0,0,0,51,156,0,0,74,0,0,0,0,0,0,0,0,0,0,0,0,0,0,0,0
ร้อยเอ็ด-6,1032,13801,14325,0,3922,1763,323,0,324,458,0,51,0,364,116,6,296,0,67,107,0,0,300,118,121,257,120,49,0,0,312,385,0,52734,151,53,898,1057,241,0,37,0,0,0,0,0,0,0,0,1003,0,0,150,0,0,0,119,0,0,0,46,19,0,0,0,0,0,0,0,0,0,0,0,0,0,0,0,0,0,0,0
ร้อยเอ็ด-7,550,18024,11802,249,3444,1883,119,0,645,6507,462,152,138,147,124,16,199,0,354,0,0,0,406,77,169,138,230,657,0,269,254,301,0,51049,40,0,111,0,90,0,0,0,0,0,0,0,0,0,0,26,0,0,201,0,0,0,49,0,0,0,64,0,0,0,0,0,0,0,0,0,0,0,0,0,0,0,0,0,0,0,0
ระนอง-1,17606,21943,8541,611,36361,1475,784,0,927,302,492,885,0,220,799,0,478,0,316,0,0,425,274,0,151,689,406,116,173,0,0,209,0,0,0,0,0,0,247,79,27,0,0,0,0,0,0,0,0,242,0,0,0,0,0,0,0,0,0,0,0,0,0,0,0,0,0,0,0,0,0,0,0,0,0,0,0,0,0,0,0
ระยอง-1,33376,0,21064,0,2406,2766,2298,0,2640,549,394,0,138,0,37,0,333,0,82,0,0,0,358,454,0,0,67,94,0,93,43,244,0,11368,0,0,0,40,0,33,0,25,0,0,0,0,0,212,0,0,142,0,0,0,0,0,111,0,0,0,0,0,0,0,0,0,0,0,0,0,0,0,0,0,0,0,0,0,0,0,0
ระยอง-2,35436,20542,24602,0,3223,5840,1700,0,1621,385,1955,0,155,0,68,0,301,0,217,0,0,0,465,444,0,0,107,541,0,74,0,0,0,0,0,0,0,92,0,0,0,86,360,0,0,0,0,239,0,0,174,0,0,0,0,0,0,0,0,0,0,0,0,0,0,0,0,0,0,0,0,0,0,0,0,0,0,0,0,0,0
ระยอง-3,29645,13957,26166,0,1536,3458,906,0,1870,528,352,0,131,0,130,0,498,0,232,0,0,0,244,399,0,0,173,67,0,0,331,107,0,17256,0,0,0,0,0,61,0,76,0,0,0,0,0,63,0,249,73,0,0,0,0,0,0,0,0,0,0,0,0,0,0,0,0,0,0,450,0,0,0,0,0,0,0,0,0,0,0
ระยอง-4,13544,29077,23834,0,1484,2227,362,0,2875,0,317,0,49,0,45,0,143,0,65,0,0,0,166,346,0,0,24,30,0,111,0,72,0,21704,0,0,0,30,0,47,0,124,0,0,0,0,0,20,0,63,62,0,0,0,0,0,0,0,0,0,0,0,0,0,0,0,0,0,0,204,0,0,0,0,0,0,0,0,0,0,0
ราชบุรี-1,10848,39158,18196,0,24214,2788,331,0,1727,184,1189,141,0,0,234,0,257,0,93,0,34,0,127,0,385,376,91,49,0,119,0,266,0,0,0,52,0,0,0,64,0,0,0,0,0,0,0,0,0,0,0,0,0,0,42,0,0,0,0,0,0,0,0,0,0,0,0,0,0,0,0,0,0,0,0,0,0,0,0,0,0
ราชบุรี-2,6271,40030,14597,0,30592,2520,249,0,836,168,972,391,0,0,90,0,324,0,112,0,128,178,374,0,585,554,152,107,0,172,0,76,0,0,0,48,0,0,0,355,0,0,0,0,0,45,0,0,0,0,0,0,0,0,112,0,0,0,0,0,0,0,0,0,0,0,0,0,0,0,0,0,0,0,0,0,0,0,0,0,0
ราชบุรี-3,29423,46409,15621,0,1407,2514,375,0,1076,439,1526,0,0,0,194,0,141,0,136,71,94,78,222,0,274,242,431,313,0,437,0,71,0,0,0,32,118,0,0,34,0,0,175,0,0,33,0,0,0,0,0,0,0,0,61,0,0,0,0,0,0,0,0,0,0,0,0,0,0,0,0,0,0,0,0,0,0,0,0,0,0
ราชบุรี-4,37423,32677,23520,0,705,3008,330,0,1265,565,570,0,0,0,368,58,265,0,290,0,69,0,186,0,142,393,55,59,0,142,0,111,0,0,0,0,0,0,0,67,0,0,142,0,0,0,0,0,0,0,0,0,0,0,24,0,0,0,0,0,0,0,0,0,0,0,0,0,0,0,0,0,0,0,0,0,0,0,0,0,0
ราชบุรี-5,17897,16544,15763,0,37425,3665,530,0,1592,84,1741,0,0,0,422,0,135,0,30,0,144,0,459,0,104,747,446,222,0,213,63,97,0,0,0,0,0,0,0,38,0,0,78,0,0,25,0,110,0,0,0,0,0,0,168,0,0,0,0,0,0,0,0,0,0,0,0,0,0,0,0,0,0,0,0,0,0,0,0,0,0
ลพบุรี-1,10173,31650,21914,0,2043,1969,349,76,2227,995,578,0,165,0,195,0,244,0,288,92,0,0,312,0,421,0,199,93,0,0,0,74,0,29375,0,0,0,353,0,68,38,0,743,0,195,0,0,0,0,234,0,0,341,0,0,106,0,75,0,0,0,0,0,0,0,0,0,0,0,0,0,0,0,69,0,0,0,0,0,0,0
ลพบุรี-2,2565,26576,10717,0,32234,1027,661,439,845,164,335,0,0,0,229,0,160,0,96,48,0,0,236,0,34,0,51,64,0,0,0,33,0,28665,0,0,0,134,432,61,282,0,0,0,77,0,0,0,0,33,0,0,284,0,0,31,0,80,0,0,0,0,0,0,0,0,0,0,0,0,0,0,0,90,0,0,0,0,0,0,0
ลพบุรี-3,4655,26584,14581,0,9095,1329,1095,0,0,1840,196,0,507,0,122,0,156,0,197,548,0,0,281,0,101,0,295,140,0,0,0,0,0,28326,313,0,0,157,73,44,405,0,188,0,850,0,0,0,0,205,83,0,1110,0,0,293,0,0,0,0,0,0,0,0,0,0,0,0,0,0,0,0,0,60,0,0,0,0,0,0,0
ลพบุรี-4,5819,25342,11360,0,31669,1082,731,96,716,1009,591,0,0,0,58,0,203,0,152,84,0,0,470,0,39,0,170,368,0,0,120,0,0,21414,0,0,0,156,79,0,55,0,116,0,0,0,0,0,0,467,0,0,111,0,0,67,0,253,0,0,0,0,0,0,0,0,0,0,0,0,0,0,0,273,0,0,0,0,0,0,0
ลำปาง-1,5223,32402,34205,0,590,2218,2196,98,2021,215,385,0,0,147,206,0,348,0,160,74,0,0,302,0,0,227,55,214,0,132,476,105,0,36573,0,0,0,0,64,35,0,0,388,0,0,0,0,121,234,60,0,0,0,0,0,0,0,0,0,0,0,0,0,0,0,0,0,0,0,0,0,0,0,0,0,0,0,0,0,0,0
ลำปาง-2,5442,28921,24107,0,216,1773,427,132,0,149,169,0,0,497,387,0,1357,0,134,53,0,0,598,0,0,0,109,501,0,395,91,84,0,35625,0,0,0,129,0,102,0,0,737,399,0,0,0,0,140,480,0,0,0,0,0,104,0,0,0,0,0,0,0,0,0,0,0,0,0,0,0,0,0,0,0,0,0,0,0,0,0
ลำปาง-3,8408,22554,27930,0,510,2241,999,0,1555,264,481,0,0,565,288,0,357,0,487,89,0,0,640,0,0,556,62,190,0,119,295,106,0,50653,0,0,0,0,0,102,0,0,0,0,0,0,0,219,452,203,0,0,0,0,0,0,0,0,0,0,0,0,0,0,0,0,0,0,0,0,0,0,0,0,0,0,0,0,0,0,0
ลำปาง-4,2469,30368,26471,0,4243,2466,273,102,1320,1034,883,0,0,327,280,0,343,0,162,81,0,0,463,0,0,0,105,88,0,170,239,73,0,42984,0,0,0,0,0,627,0,0,130,0,0,0,0,0,207,246,159,0,0,0,87,79,0,0,0,0,0,0,0,0,0,0,0,0,0,0,0,0,0,0,0,0,0,0,0,0,0
ลำพูน-1,12117,15775,41321,1291,928,2614,881,64,1836,0,3238,0,0,482,271,0,738,0,218,0,0,0,459,165,0,585,199,90,0,244,283,56,0,51488,0,0,0,45,0,0,0,0,0,0,0,0,0,0,428,452,0,0,0,0,0,212,0,0,0,0,0,153,0,0,0,0,0,0,0,0,0,0,0,0,0,0,0,0,0,0,0
ลำพูน-2,7792,35009,25488,1353,805,1459,444,73,1566,1721,724,0,0,247,897,0,680,0,686,0,0,0,1018,0,238,0,261,88,0,373,117,262,0,51197,0,195,0,0,0,0,0,0,189,0,0,0,0,0,206,473,207,0,0,0,0,216,0,0,0,0,0,477,0,0,0,0,0,0,0,0,0,0,0,0,206,0,0,0,0,0,0
เลย-1,5259,19367,13111,319,21164,2581,525,39,822,366,434,0,0,590,617,0,88,0,115,57,0,0,94,0,56,229,113,0,0,283,0,197,0,53289,26,94,0,35,0,0,458,0,0,204,0,808,0,57,0,95,0,0,0,0,0,0,0,0,0,0,0,51,0,0,0,0,0,120,0,0,0,0,0,0,0,75,0,0,0,0,0
เลย-2,2433,31105,13271,684,399,2014,406,1382,1004,235,1522,0,0,854,56,0,287,0,111,143,0,0,112,145,295,763,334,0,0,235,101,517,0,55514,69,0,0,467,0,0,82,0,0,0,0,0,66,73,0,95,0,0,0,0,0,0,0,0,0,0,0,118,0,0,0,0,0,154,0,0,0,0,0,0,0,977,0,0,0,0,0
เลย-3,4869,22291,11639,270,41763,973,497,117,0,127,54,0,0,238,62,0,137,0,1029,0,0,0,144,660,135,245,143,0,0,280,103,70,0,35287,0,0,0,308,0,35,39,0,0,640,0,582,0,139,0,2960,0,0,0,0,0,0,0,0,0,0,0,79,0,0,0,0,0,95,0,0,0,0,0,0,0,0,0,0,0,0,0
ศรีสะเกษ-1,1127,6524,8970,121,46797,816,403,0,488,0,778,154,38,0,80,0,99,0,0,56,0,0,120,90,0,171,373,44,0,55,0,187,0,35582,525,56,52,37,26,597,19,0,0,0,82,0,0,0,0,81,0,0,0,0,0,0,0,0,0,0,0,0,0,0,0,0,0,0,0,0,0,0,0,0,0,0,0,0,0,0,0
ศรีสะเกษ-2,1069,13373,11970,183,7443,1953,91,0,499,271,1677,0,163,144,272,0,362,0,398,236,0,0,159,421,0,275,108,172,0,184,0,728,0,49901,0,84,102,171,169,77,0,0,0,0,61,0,0,0,0,205,0,0,0,0,0,0,0,0,0,0,0,0,0,0,0,0,0,0,0,0,0,0,0,0,0,0,0,0,0,0,0
ศรีสะเกษ-3,1486,9052,8286,343,23719,778,401,0,462,533,575,0,521,96,28,38,349,0,0,0,0,55,256,100,0,217,226,62,0,236,0,276,0,41002,0,758,72,64,131,35,80,0,0,0,99,0,0,0,0,39,0,0,0,0,0,0,0,0,0,0,0,0,0,0,0,0,46,0,0,75,0,0,0,0,0,0,0,0,0,0,0
ศรีสะเกษ-4,995,38143,9827,118,196,818,68,0,378,109,441,39,32,42,62,0,114,0,23,0,0,1001,63,83,0,204,123,158,0,237,0,175,0,40065,0,44,780,27,14,24,34,0,0,0,0,0,0,0,0,625,0,0,0,0,0,0,0,0,0,0,0,0,0,0,0,0,85,0,0,38,0,0,0,0,0,0,0,0,0,0,0
ศรีสะเกษ-5,1414,15755,11725,0,5582,677,212,0,553,13909,1421,0,102,57,149,26,205,0,576,0,0,149,673,159,0,133,97,117,0,671,0,41,0,35794,99,0,289,48,0,68,41,0,0,0,43,0,0,0,0,57,0,0,0,0,0,0,0,0,0,0,0,0,0,0,0,0,0,0,0,0,0,0,0,0,0,0,0,0,0,0,0
ศรีสะเกษ-6,2062,13600,10350,0,10532,1418,188,0,581,744,14453,0,69,0,70,422,368,0,125,0,0,0,156,115,0,277,178,101,0,251,83,126,0,30899,99,568,360,625,0,44,0,0,0,0,53,0,0,0,0,79,0,0,0,0,0,0,0,0,0,0,0,0,0,0,0,0,0,0,0,0,0,0,0,0,0,0,0,0,0,0,0
ศรีสะเกษ-7,518,6332,6609,52,49123,695,60,0,269,53,314,0,34,97,94,16,97,0,0,0,0,0,522,809,0,94,81,42,0,51,42,436,0,28581,31,52,0,0,0,65,0,0,0,0,0,0,0,0,0,27,0,0,0,0,0,0,0,0,0,0,0,0,0,0,0,0,0,0,0,0,0,0,0,0,0,0,0,0,0,0,0
ศรีสะเกษ-8,1341,13974,10712,173,954,1433,235,0,408,4744,498,0,260,202,282,0,158,0,119,470,0,193,330,116,0,308,42,95,0,86,542,63,0,50319,131,281,92,810,0,43,0,0,0,0,65,0,0,0,0,367,0,0,0,0,0,0,0,0,0,0,0,0,0,0,0,0,581,0,0,0,0,0,0,0,0,0,0,0,0,0,0
สกลนคร-1,1774,31145,20097,232,1269,2826,379,0,1297,196,145,50,246,374,73,28,153,0,277,0,0,0,526,0,155,2974,74,88,0,66,0,154,0,38544,43,0,0,42,0,0,0,0,362,0,0,0,0,0,0,506,0,0,174,0,0,0,0,118,735,0,0,0,0,0,0,0,0,0,0,0,0,0,0,0,0,0,0,0,0,0,0
สกลนคร-2,1595,23556,0,763,3630,2960,757,0,1030,154,4359,108,219,299,138,60,724,0,998,0,0,0,163,0,171,3214,164,153,0,180,91,125,0,34797,32,0,0,172,0,0,0,0,0,105,0,0,0,437,0,352,0,0,683,0,0,0,0,0,1032,0,0,0,0,0,0,0,0,0,0,0,0,0,0,0,0,0,0,0,0,0,0
สกลนคร-3,1151,13549,15305,0,1425,1000,369,0,333,491,129,866,418,175,60,23,461,0,311,0,0,0,304,0,138,18427,136,48,0,45,86,164,0,37644,0,0,0,317,0,0,44,0,0,0,0,0,0,567,0,526,0,0,0,0,0,0,0,0,3009,0,0,0,0,0,0,0,0,0,0,0,0,0,0,0,0,0,0,0,0,0,0
สกลนคร-4,1163,26578,16895,0,3404,1936,338,0,290,42,937,430,223,516,89,67,177,0,187,0,0,0,628,918,107,460,87,122,0,34,280,89,0,36669,0,0,0,249,0,0,0,0,0,0,0,0,0,306,0,245,0,0,0,0,0,0,0,0,373,0,0,0,0,0,0,0,46,0,0,0,0,0,0,0,0,0,0,0,0,0,0
สกลนคร-5,1905,19766,14032,0,1290,2419,238,0,249,96,644,67,406,117,105,88,0,0,83,0,0,0,77,0,222,1138,324,41,0,0,0,111,0,46049,0,0,0,310,0,0,0,0,0,0,0,0,0,168,0,0,128,0,369,0,0,0,0,129,1224,0,0,0,0,0,0,0,0,130,0,0,0,0,0,0,0,0,0,0,0,0,0
สกลนคร-6,1261,24394,18036,157,2028,6655,293,0,296,765,5213,93,246,245,231,193,458,0,133,0,0,71,73,0,986,1918,58,47,0,181,35,99,0,28212,0,0,0,24,0,0,118,0,0,224,0,0,0,413,0,856,24,0,905,0,0,0,0,0,455,0,0,49,0,636,0,0,0,0,0,0,0,0,0,0,0,0,0,0,0,0,0
สงขลา-1,24540,37134,12715,762,3415,2344,2320,0,2756,356,244,0,0,0,6,162,144,0,155,130,34,0,547,275,64,483,124,175,170,57,0,77,0,0,0,912,0,17,44,255,0,0,0,0,0,0,0,54,0,53,0,0,0,0,0,0,0,0,0,0,0,0,0,0,0,0,0,0,0,0,0,293,0,0,0,0,0,0,0,0,0
สงขลา-2,18903,36802,19040,832,12701,2856,1495,0,3778,0,459,0,0,0,46,72,157,116,160,0,0,70,785,285,111,410,228,75,173,173,132,113,0,0,0,0,138,0,77,0,25,0,0,0,0,0,0,0,0,0,0,0,0,0,0,0,0,41,0,0,0,0,0,0,0,0,0,0,0,0,0,389,0,0,0,0,0,0,0,0,0
สงขลา-3,22857,42390,15593,3235,4707,2819,1250,0,3420,847,621,0,0,0,55,94,243,0,0,101,0,61,2142,298,147,330,186,75,188,103,162,81,0,0,0,98,204,0,354,169,16,0,0,0,0,0,0,0,0,99,0,0,0,0,0,0,0,0,0,0,0,60,0,0,0,0,0,0,0,0,0,420,0,0,0,0,0,0,0,0,0
สงขลา-4,31299,31913,7070,1194,4401,2744,957,50,1079,1248,346,0,0,213,98,135,133,0,231,195,28,0,1109,200,0,895,193,47,454,424,89,0,0,0,0,111,594,24,198,20,88,0,0,0,0,0,0,278,0,26,0,0,0,0,0,0,0,34,0,0,0,60,0,0,0,0,0,0,0,0,0,1160,0,0,0,0,0,0,0,0,0
สงขลา-5,55386,24267,10106,4257,3730,0,2769,0,1140,0,402,0,0,0,79,0,133,460,161,108,118,0,1090,321,0,454,434,156,396,146,0,0,0,0,0,117,0,189,276,47,214,0,0,0,0,65,0,0,0,0,0,0,0,0,0,0,0,0,0,0,0,0,0,0,0,0,0,0,0,0,0,432,0,0,0,0,0,0,0,0,0
สงขลา-6,28465,19317,11966,3132,1619,2322,1130,0,2243,13864,125,0,0,163,99,0,277,122,0,0,84,0,793,196,297,804,193,0,175,79,44,0,0,0,0,68,0,56,269,0,197,0,0,0,0,43,0,0,0,24,0,0,0,0,0,0,60,0,0,0,0,0,0,0,0,0,0,0,0,0,0,338,0,0,0,0,0,0,0,0,0
สงขลา-7,25140,12797,7052,8588,31286,950,1063,0,1360,382,131,0,120,65,44,81,63,0,0,0,93,0,209,101,204,338,234,207,138,268,0,325,0,0,0,127,0,173,56,0,0,0,163,0,0,101,0,0,0,0,0,0,0,0,0,0,0,0,0,0,0,0,0,0,0,0,0,0,0,0,0,316,0,0,0,0,0,0,0,0,0
สงขลา-8,52075,15087,9966,7155,4076,2321,1107,0,870,610,379,0,157,154,501,0,100,0,570,98,102,277,589,310,191,720,117,780,241,378,55,48,0,0,0,104,0,265,239,36,78,0,291,0,0,36,0,0,0,0,0,0,0,0,0,0,0,0,0,0,0,0,0,0,0,0,0,0,0,0,0,648,0,0,0,0,0,0,0,0,0
สตูล-1,13045,9053,8522,10011,33897,1566,251,0,656,376,685,0,0,98,84,0,274,0,138,0,179,0,881,0,0,0,35,247,48,80,152,57,0,0,0,0,0,91,0,13,0,0,165,0,0,0,0,86,0,317,0,0,0,0,0,0,0,0,0,0,0,0,0,0,0,0,0,0,0,0,0,355,0,0,0,0,0,0,0,0,0
สตูล-2,13037,5647,6040,3070,51376,980,555,0,465,484,10475,0,0,154,32,503,267,0,112,0,21,0,409,0,0,324,93,113,86,309,38,41,0,0,0,0,0,0,0,0,88,0,134,0,0,24,0,423,0,141,0,0,0,0,0,0,0,0,0,0,0,0,0,0,0,0,0,0,0,0,0,172,0,0,0,0,0,0,0,0,0
สมุทรปราการ-1,5685,34668,21344,0,837,1977,300,0,2688,167,0,0,73,0,131,0,157,0,153,240,0,0,42,219,65,0,263,50,0,83,29,98,0,21121,0,0,112,0,81,27,9,0,0,0,0,0,0,0,0,72,0,0,0,0,0,0,0,0,0,0,0,0,0,0,0,0,0,0,0,0,0,0,0,0,0,0,0,0,0,0,0
สมุทรปราการ-2,5382,35707,30366,0,2978,2871,183,0,2628,211,118,0,139,0,85,0,179,0,91,0,0,0,109,312,257,0,129,80,0,231,73,194,0,31655,0,0,170,0,34,0,17,0,111,0,0,0,0,0,0,167,0,0,0,0,0,0,0,0,0,0,0,0,0,0,0,0,0,0,0,0,0,0,0,0,0,0,0,0,0,0,0
สมุทรปราการ-3,10121,29424,23235,0,2317,2633,0,0,3633,203,2569,0,60,0,79,0,206,0,179,0,0,0,218,234,168,0,82,50,0,85,46,0,0,22703,0,0,84,0,47,31,32,0,366,0,0,0,0,0,0,49,0,0,0,0,0,0,0,0,0,0,0,0,0,0,0,0,0,0,0,0,0,0,0,0,0,0,0,0,0,0,0
สมุทรปราการ-4,9040,35441,36320,0,1157,3362,388,0,5737,1282,154,0,224,0,127,0,459,0,106,0,0,0,145,246,240,0,89,32,0,78,0,191,0,29402,0,0,0,0,151,0,60,0,805,0,0,0,0,0,0,487,0,0,0,0,0,0,0,0,0,0,0,0,0,0,0,0,0,0,0,0,0,0,0,0,0,0,0,0,0,0,0
สมุทรปราการ-5,6954,41745,31430,0,1210,3714,481,0,0,228,103,0,122,401,132,0,259,0,128,47,0,0,0,378,308,0,144,74,0,102,58,152,0,33007,0,0,0,0,145,0,125,0,501,0,0,0,0,0,0,714,0,0,0,0,0,0,0,0,0,0,0,0,0,0,0,0,0,0,0,0,0,0,0,0,0,0,0,0,0,0,0
สมุทรปราการ-6,4609,27806,20177,0,19489,2065,252,0,0,223,254,0,68,0,33,0,218,0,49,0,0,0,147,0,265,272,149,0,0,62,0,102,0,22349,0,0,92,0,41,0,48,0,0,0,0,0,0,0,0,29,0,0,0,0,0,0,0,0,0,0,0,0,0,0,0,0,0,0,0,0,0,0,0,0,0,0,0,0,0,0,0
สมุทรปราการ-7,6131,27875,19679,0,3736,1805,144,0,2217,127,478,0,56,0,87,0,243,0,62,0,0,0,85,0,57,204,57,16,0,207,32,196,0,27648,0,0,254,0,39,0,18,0,0,0,0,0,0,0,0,75,46,0,0,0,0,0,0,0,0,0,0,0,0,0,0,0,0,0,0,0,0,0,0,0,0,0,0,0,0,0,0
สมุทรสงคราม-1,26718,21868,17268,0,11951,2498,203,0,2296,6270,5592,0,186,0,152,0,237,0,478,0,0,165,0,0,0,0,373,331,0,140,0,151,0,12641,0,0,337,451,0,0,0,0,354,0,0,106,0,846,0,0,48,0,0,0,0,0,0,0,0,0,0,0,0,0,0,0,0,0,426,0,0,0,0,0,0,0,0,0,0,0,0
สมุทรสาคร-1,16073,25644,29912,0,1162,3758,626,0,0,20546,2557,0,0,0,124,28,369,0,74,102,0,124,102,297,259,0,132,67,0,175,0,84,0,0,0,0,0,0,0,0,0,0,0,0,179,0,0,119,0,0,0,0,0,0,61,116,0,0,0,0,0,0,0,0,0,0,0,0,0,0,0,0,0,0,0,0,0,0,0,0,0
สมุทรสาคร-2,10652,16758,36738,0,1129,4082,1463,0,0,14997,5719,0,0,0,212,132,321,0,429,140,0,0,746,725,0,0,426,134,0,109,0,0,0,0,0,0,0,0,68,0,0,0,0,0,0,0,0,750,0,0,0,0,0,0,59,114,0,0,0,0,0,0,0,0,0,0,0,0,0,0,0,0,0,0,0,0,0,0,0,0,0
สมุทรสาคร-3,11823,25323,17309,0,928,2320,343,0,0,23671,1467,0,0,0,233,194,303,0,119,42,0,97,85,293,637,0,183,168,0,122,0,93,0,14516,0,0,0,0,0,0,57,0,0,0,0,0,0,1436,0,0,95,0,0,0,289,689,0,0,0,0,0,0,0,0,0,0,0,0,0,0,0,0,0,0,0,0,0,0,0,0,0
สระแก้ว-1,2754,63099,12013,0,505,0,287,0,638,0,477,128,167,0,48,0,181,0,603,0,0,0,230,116,0,0,0,42,0,117,39,210,0,19097,0,0,0,37,0,0,0,0,0,0,0,0,0,0,0,16,0,0,0,0,0,0,0,0,0,0,0,0,0,0,0,0,0,0,0,0,0,0,0,0,0,0,0,0,0,0,0
สระแก้ว-2,4204,52787,13560,0,411,1973,252,0,595,0,569,97,222,0,68,0,470,0,0,0,0,0,475,177,0,0,0,65,0,142,52,128,0,21901,0,0,0,40,0,0,0,0,0,0,0,0,0,0,0,104,0,0,0,0,0,0,0,0,0,0,0,0,0,0,0,0,0,0,0,0,0,0,0,0,0,0,0,0,0,0,0
สระแก้ว-3,4276,41962,12024,0,285,1790,341,0,649,0,311,74,240,0,0,0,379,0,163,0,0,0,148,168,0,0,0,118,0,105,54,53,0,34141,0,0,0,500,80,0,0,0,0,0,0,0,0,88,0,124,0,0,0,0,0,0,0,0,0,0,0,0,0,0,0,0,0,0,0,0,0,0,0,0,0,0,0,0,0,0,0
สระบุรี-1,6406,31035,26550,0,941,2962,738,0,0,21369,238,0,0,568,339,0,527,0,183,0,0,0,395,740,0,518,117,333,0,172,157,121,0,25154,0,0,0,0,158,0,0,0,0,0,0,0,0,0,0,0,81,0,749,0,0,118,0,0,0,0,0,0,0,0,0,0,0,0,0,0,0,0,0,0,0,0,0,0,0,0,0
สระบุรี-2,4728,43776,21796,0,2887,1905,545,0,1457,9423,160,0,107,0,69,0,275,0,113,0,0,0,268,311,0,179,340,173,0,342,0,48,0,30636,0,0,0,107,81,106,0,0,0,0,0,0,0,0,0,0,39,0,789,0,0,227,0,0,0,0,0,0,0,0,0,0,0,0,0,0,0,0,0,0,0,0,0,0,0,0,0
สระบุรี-3,5316,25328,19971,0,31414,2418,646,0,1702,637,361,0,0,0,100,0,340,0,230,0,0,0,360,351,0,426,186,155,0,254,0,86,0,32674,0,0,0,0,103,0,0,0,0,0,0,0,269,0,0,0,0,0,3023,0,0,159,0,0,0,0,0,0,0,0,0,0,0,0,0,0,0,0,0,0,0,0,0,0,0,0,0
สิงห์บุรี-1,2936,48970,19672,0,4060,2175,753,0,1328,745,2268,0,0,0,119,0,355,0,192,0,0,0,500,0,0,187,77,211,0,171,0,66,0,39085,0,0,0,0,148,0,0,0,0,0,0,0,0,0,0,847,0,0,0,0,0,321,0,0,0,0,0,0,0,0,0,0,0,0,0,0,0,0,0,0,0,0,0,0,0,0,0
สุโขทัย-1,14619,43957,13229,0,1126,1539,798,0,0,549,292,296,252,107,338,0,744,0,123,89,0,0,186,339,0,173,98,222,0,0,78,148,0,32389,0,178,0,52,0,0,0,0,0,0,0,0,0,0,0,190,0,0,0,0,0,0,0,0,0,0,0,0,0,0,0,0,0,0,0,0,0,0,0,0,0,0,0,0,0,0,0
สุโขทัย-2,15948,40419,10209,0,1290,1488,831,0,566,413,1149,84,423,392,96,0,138,0,318,0,0,0,832,403,0,155,193,96,0,54,193,111,0,26032,114,937,0,21,0,0,0,0,0,0,0,0,0,162,0,162,0,0,0,0,0,0,0,0,0,0,0,0,0,0,0,0,0,0,0,0,0,0,0,0,0,0,0,0,0,0,0
สุโขทัย-3,5977,32133,9934,0,34884,853,224,0,0,0,290,80,284,262,112,0,163,0,96,460,0,0,469,255,0,388,221,68,0,72,35,35,0,27272,0,57,0,34,0,0,0,0,0,0,0,0,0,0,0,374,0,0,0,0,0,0,0,0,0,0,0,0,0,0,0,0,0,0,0,0,0,0,0,0,0,0,0,0,0,0,0
สุพรรณบุรี-1,4410,11867,25414,0,474,4125,495,0,1368,67149,1253,69,117,0,169,0,431,0,0,0,0,0,483,0,311,892,0,99,0,0,0,75,0,0,0,0,0,77,0,0,0,0,0,0,0,0,0,0,0,703,575,0,353,0,0,170,0,0,0,0,0,0,0,0,0,0,632,0,0,0,0,0,0,0,0,0,0,0,0,0,0
สุพรรณบุรี-2,2301,10414,22668,0,414,3464,873,0,1155,69274,1186,148,149,0,148,0,183,0,193,0,0,0,333,0,869,416,0,176,0,659,0,67,0,0,0,0,0,0,0,0,0,0,0,0,0,0,0,0,0,89,84,0,127,0,0,320,0,0,0,0,0,0,0,0,0,0,697,0,0,0,0,0,0,0,0,0,0,0,0,0,0
สุพรรณบุรี-3,1649,5377,13933,0,39726,1896,500,0,1018,59783,2858,98,187,0,155,0,508,0,373,0,0,255,76,0,127,397,0,27,0,89,0,42,0,0,0,93,0,64,0,0,0,0,0,0,0,0,0,0,0,199,111,0,0,0,0,764,0,0,0,0,0,0,0,0,0,0,152,0,0,0,0,0,0,0,0,0,0,0,0,0,0
สุพรรณบุรี-4,1289,5777,11394,0,379,0,171,0,1781,59714,368,161,107,0,113,0,143,0,283,0,0,0,83,0,405,183,0,48,0,101,0,70,0,33368,0,128,0,602,0,0,0,0,0,0,0,0,0,0,0,17,196,0,0,0,0,80,0,0,0,0,0,0,0,0,0,0,0,0,0,0,0,0,0,0,0,64,0,0,0,0,0
สุราษฎร์ธานี-1,32092,15953,17093,673,1539,5445,12068,0,2693,426,723,176,101,125,146,0,309,0,60,0,0,0,272,329,0,387,0,36,61,564,0,0,0,0,0,0,80,226,220,0,0,0,158,0,0,43,0,0,0,225,0,0,0,0,0,0,0,0,0,0,0,0,0,0,0,0,0,0,0,0,0,363,0,0,0,0,0,0,0,0,0
สุราษฎร์ธานี-2,21957,17366,16342,1231,2156,1821,14158,0,923,2913,1351,216,123,368,288,219,382,134,121,40,165,0,12187,0,343,532,0,29,61,154,306,38,0,0,0,0,178,40,237,0,0,0,281,0,0,114,0,0,0,0,0,0,0,0,0,0,0,0,0,0,0,0,0,0,0,0,0,0,0,0,0,315,0,0,0,0,0,0,0,0,0
สุราษฎร์ธานี-3,44514,12189,12137,433,2567,2845,5998,0,1447,643,656,137,182,191,122,196,477,180,1186,496,0,0,1203,336,2505,537,0,22,39,290,424,85,0,0,0,53,0,87,381,0,0,0,95,0,0,276,0,1378,0,1111,0,0,0,0,0,0,0,0,0,0,0,0,0,0,0,0,0,0,0,0,0,350,0,0,0,0,0,0,0,0,0
สุราษฎร์ธานี-4,47408,8671,11608,107,4297,3138,14279,0,1168,999,0,474,0,146,132,433,146,161,540,204,0,0,252,0,262,713,0,89,18,122,332,0,0,0,0,61,0,43,1767,0,0,0,362,0,0,218,0,0,0,0,0,0,0,0,0,0,0,0,0,0,0,0,0,0,0,0,0,0,0,0,0,641,0,0,0,0,0,0,0,0,0
สุราษฎร์ธานี-5,44084,8499,9781,562,4297,3992,11210,0,640,740,962,135,699,0,82,207,735,169,376,701,0,0,1312,0,1107,332,0,38,32,457,124,179,0,0,0,91,65,46,567,0,0,0,247,0,0,111,0,355,0,0,0,0,0,0,0,0,0,0,0,0,0,0,0,0,0,0,0,0,0,0,0,544,0,0,0,0,0,0,0,0,0
สุราษฎร์ธานี-6,41877,9149,9970,590,5207,2311,17620,0,1124,1010,195,939,246,249,86,132,165,573,36,20,49,0,664,353,675,1058,0,99,288,46,259,0,0,0,0,0,203,0,1356,137,0,0,228,0,0,63,0,0,0,112,0,0,0,0,0,0,0,0,0,0,0,0,0,0,0,0,0,0,0,0,0,387,0,0,0,0,0,0,0,0,0
สุรินทร์-1,2120,22229,13144,230,31614,1210,215,478,1025,371,458,0,0,129,230,0,72,0,441,0,0,0,269,149,0,0,93,0,0,95,0,237,0,27078,34,0,415,76,506,58,0,0,0,0,0,0,0,0,0,0,0,0,0,0,0,0,0,0,0,0,0,0,0,0,0,0,0,95,0,0,0,0,0,0,0,0,0,0,0,0,0
สุรินทร์-2,2638,35446,14236,213,20624,1134,357,699,1527,200,1262,0,0,235,82,0,255,0,78,0,0,0,66,171,0,0,130,0,0,121,186,48,0,24465,87,0,54,68,41,41,0,0,0,0,0,0,0,0,0,49,437,0,0,0,0,0,0,0,0,0,0,79,0,0,0,0,38,26,0,0,0,0,0,0,0,0,0,0,0,0,0
สุรินทร์-3,826,28492,8698,225,18408,756,107,415,855,3325,367,0,62,271,59,0,52,0,0,203,0,0,261,175,0,402,188,0,0,151,203,273,0,29254,334,0,55,137,142,36,0,0,0,0,0,0,0,0,0,688,0,0,0,0,0,0,0,0,0,0,0,0,0,0,0,0,806,127,0,0,0,0,0,0,0,0,0,0,0,0,0
สุรินทร์-4,1811,15771,11624,446,27411,962,178,113,514,166,2641,0,55,218,136,0,207,0,0,0,0,0,208,96,0,0,247,0,0,464,116,88,0,34673,14,0,86,111,108,562,110,0,0,0,0,0,0,0,0,698,0,0,0,0,0,0,0,0,0,0,0,62,0,0,0,0,71,384,0,0,109,0,0,0,0,0,0,0,0,0,0
สุรินทร์-5,1518,13976,10863,658,14917,816,191,21,405,482,815,0,0,165,125,0,69,0,442,0,0,555,215,133,0,406,309,148,0,134,207,50,0,45681,66,0,484,33,939,40,38,0,37,185,0,0,0,0,0,51,0,0,0,0,0,0,0,0,0,0,0,0,0,0,0,0,425,0,0,0,0,0,0,0,0,0,0,0,0,0,0
สุรินทร์-6,1547,22262,0,4180,18711,1061,312,71,979,951,11167,0,223,127,494,0,221,0,669,0,0,0,241,145,0,0,110,0,0,661,54,92,0,23401,64,0,120,217,307,36,0,0,0,0,0,0,0,0,0,409,0,0,0,0,0,0,0,0,0,0,0,67,0,0,0,0,0,127,0,0,0,0,0,0,0,0,0,0,0,0,0
สุรินทร์-7,1944,12973,12636,0,21251,1484,140,0,533,580,8346,0,0,94,107,0,330,0,73,0,0,516,197,366,0,0,63,82,0,81,50,61,0,29026,0,0,88,143,64,0,0,0,379,0,0,0,0,0,0,76,0,0,0,0,0,0,0,0,0,0,0,0,0,0,0,0,0,38,0,0,85,0,0,0,0,0,216,0,0,0,0
หนองคาย-1,2055,26695,15696,135,3932,1518,312,0,1009,317,364,0,0,85,86,0,115,0,30,0,0,0,142,138,265,256,222,43,0,63,50,274,0,33492,0,0,0,155,39,0,27,0,0,0,0,24,0,173,0,28,0,0,166,0,0,0,0,0,0,0,0,0,0,197,0,0,80,0,0,0,0,0,0,0,0,0,0,0,0,0,0
หนองคาย-2,1165,13438,13544,164,1291,13738,130,0,338,421,247,0,0,597,237,0,110,0,62,0,0,0,99,92,112,34,159,61,0,508,30,41,0,29559,57,0,63,197,71,0,15,0,687,0,0,176,0,223,0,379,0,0,39,0,0,0,0,0,0,0,0,0,0,217,0,0,103,0,0,0,0,0,0,0,0,0,0,0,0,0,0
หนองคาย-3,1489,12443,14523,322,1733,1094,125,0,463,394,1798,0,0,131,319,0,333,0,0,199,0,0,414,0,1138,210,103,334,0,319,107,121,0,44024,79,0,261,151,33,0,14,0,0,0,0,32,0,184,0,88,0,0,296,0,0,0,0,0,0,0,0,0,0,301,0,0,62,0,0,0,0,0,0,0,0,0,0,0,0,0,0
หนองบัวลำภู-1,1428,15650,16359,879,7483,1159,1501,0,456,426,1366,0,39,111,93,0,161,0,102,0,0,0,106,120,0,300,87,0,0,536,20,117,0,36792,67,0,0,132,33,0,30,0,0,0,0,0,0,0,0,491,0,0,0,0,0,0,0,0,387,0,0,0,0,503,0,0,77,0,0,396,454,0,0,0,0,0,0,0,0,0,0
หนองบัวลำภู-2,607,10444,21345,0,14266,721,191,0,958,196,2839,103,54,354,104,0,440,0,89,114,0,0,1446,524,0,225,83,0,0,65,219,23,0,25732,0,0,0,88,42,0,22,0,0,0,0,0,0,0,0,729,0,0,0,0,0,30,0,0,406,0,0,0,0,81,0,0,45,172,0,55,530,0,0,0,0,0,0,0,0,0,0
หนองบัวลำภู-3,1086,6994,19217,0,1588,1533,175,0,210,786,1724,164,43,1066,46,0,114,0,36,0,0,0,224,0,0,0,167,0,0,292,75,234,0,41260,29,0,0,1477,61,0,129,0,0,91,463,0,0,0,0,95,0,0,0,0,0,0,0,0,736,0,0,0,0,104,0,0,57,113,0,213,0,0,0,0,0,0,0,0,0,0,0
อ่างทอง-1,0,18128,21321,0,62741,2287,585,0,1812,0,263,0,0,0,156,0,328,0,1669,0,0,0,690,300,0,1033,462,161,0,0,0,65,0,47373,75,129,0,0,0,0,255,0,0,0,0,0,0,0,0,161,109,0,0,0,0,345,0,0,0,0,0,0,0,0,0,0,0,0,0,0,0,0,0,0,0,0,0,0,0,0,0
อำนาจเจริญ-1,7724,17425,13915,477,24654,3231,128,0,0,529,96,0,0,443,0,0,159,0,105,35,0,0,100,518,0,286,93,331,0,464,36,194,0,26320,91,0,0,68,83,0,56,0,0,0,0,0,0,0,0,93,0,0,158,0,0,0,0,0,0,0,0,0,0,0,0,0,0,67,0,0,0,0,0,0,0,0,0,0,0,0,0
อำนาจเจริญ-2,11498,24721,11384,0,21367,1317,407,0,473,56,891,0,0,212,113,0,218,0,96,0,0,0,1329,213,0,324,90,55,0,43,612,145,0,26540,70,0,0,274,77,0,48,0,0,0,0,0,0,0,0,154,0,0,0,0,0,0,0,0,232,0,0,0,0,0,0,0,0,211,0,0,0,0,0,0,0,0,0,0,0,0,0
อุดรธานี-1,2983,24635,26552,107,3200,2442,916,0,2161,428,105,0,0,260,73,61,227,0,56,0,0,0,257,159,0,287,0,38,0,75,37,126,0,30963,153,22,0,21,0,22,34,0,44,0,0,23,20,44,0,153,0,0,0,0,0,0,0,0,0,0,0,0,0,178,133,0,0,0,0,0,0,0,0,0,0,0,0,0,0,0,0
อุดรธานี-2,891,17400,16857,293,24209,1482,228,0,498,133,1546,0,21,310,43,81,247,0,52,0,0,0,110,100,0,108,50,34,0,0,33,291,0,32587,40,396,44,23,0,56,48,0,12,0,14,18,0,44,0,120,0,0,0,0,0,0,0,0,0,0,0,0,0,329,171,0,0,0,0,0,0,0,0,50,0,0,0,0,0,0,0
อุดรธานี-3,1118,5722,13906,1354,24385,1259,121,21,788,351,350,0,547,84,91,17,99,0,46,0,0,0,0,69,0,242,87,24,0,152,96,16,0,36728,31,0,117,121,0,52,76,0,25,0,0,292,0,705,0,299,0,0,70,0,0,0,0,100,0,0,0,0,0,265,44,0,0,0,0,0,0,0,0,0,0,0,0,0,0,0,0
อุดรธานี-4,1205,9845,21739,237,3572,1797,153,0,1349,181,1142,0,33,361,122,57,163,0,107,0,0,0,0,107,0,490,481,0,0,0,69,95,0,47734,50,60,0,48,0,0,163,0,214,0,0,57,0,836,0,356,0,0,0,0,0,0,0,0,0,228,0,0,0,234,409,0,0,0,0,0,0,0,0,0,0,0,0,0,0,0,0
อุดรธานี-5,1044,11128,15321,183,17643,1244,282,0,672,323,1666,127,0,441,386,0,175,0,268,0,0,0,208,0,0,221,541,231,0,55,213,127,0,40271,48,37,0,72,0,0,27,0,38,0,101,0,0,341,0,131,0,0,0,0,0,0,0,218,231,41,0,0,0,102,0,0,0,0,0,0,0,0,0,0,0,0,0,0,0,0,0
อุดรธานี-6,1692,13317,19422,797,4155,2054,290,169,860,3818,1505,0,0,576,253,196,328,0,164,0,0,0,164,157,0,141,192,92,0,322,40,69,0,41307,0,593,0,2180,0,72,23,0,83,0,23,67,103,131,0,1931,0,0,0,0,0,0,0,166,0,450,135,101,0,198,0,0,0,0,0,0,0,0,0,0,0,0,1731,0,0,0,0
อุดรธานี-7,1561,7291,19449,1002,519,3911,275,0,625,1420,826,0,0,1283,299,123,234,0,60,0,0,0,1275,132,0,1083,309,48,0,132,570,145,0,46351,142,0,0,310,0,53,34,0,51,0,32,159,0,108,0,6548,0,0,1105,0,0,0,0,132,0,0,0,0,0,190,0,0,0,0,0,0,0,0,0,0,0,0,0,0,0,0,0
อุดรธานี-8,2763,6715,15604,264,4020,979,152,0,600,406,2258,0,0,233,74,0,158,0,52,0,0,0,358,0,0,1039,402,193,0,146,71,163,0,58318,82,0,0,193,0,58,23,0,68,0,0,971,0,86,0,100,0,0,0,0,0,0,0,0,67,0,0,0,0,288,183,0,0,0,0,0,0,0,0,0,0,0,0,0,0,0,0
อุตรดิตถ์-1,5318,40747,23828,0,623,1762,661,44,1180,250,1553,115,185,0,67,595,146,0,129,118,0,0,235,205,680,0,404,213,0,225,624,0,0,54669,0,0,0,99,161,0,0,0,87,0,0,0,0,0,0,786,0,0,0,0,0,0,0,0,0,0,0,81,0,0,0,0,0,0,143,0,0,0,0,0,0,0,0,0,0,0,0
อุตรดิตถ์-2,5702,33797,16020,0,1649,1420,555,62,767,0,461,0,0,240,46,0,744,0,144,122,0,0,249,292,415,0,497,296,0,287,159,80,0,51144,0,0,0,88,0,0,0,0,0,0,0,0,0,0,0,849,0,0,0,0,0,0,0,0,0,0,0,78,0,0,0,0,0,0,0,0,0,0,0,0,0,0,0,0,0,0,183
อุทัยธานี-1,8122,8042,9075,0,58659,2493,717,0,647,0,1629,0,0,0,61,13,331,0,74,0,0,0,341,0,0,0,41,54,0,0,49,24,0,0,0,154,0,0,0,0,0,0,153,0,0,0,0,143,0,183,0,0,0,0,0,151,0,0,0,0,0,0,0,0,0,0,0,0,0,0,0,0,0,0,0,0,0,0,0,0,0
อุทัยธานี-2,12523,13256,14046,0,35450,3308,483,0,0,0,4584,171,0,0,255,86,435,0,196,0,0,0,834,0,0,0,170,206,0,0,129,0,0,0,0,0,0,0,0,0,0,0,171,0,0,0,0,852,0,293,0,0,0,0,0,209,0,0,0,0,0,0,0,0,0,0,0,0,0,0,0,0,0,0,0,0,0,0,0,0,0
อุบลราชธานี-1,5220,37476,26456,303,1413,2409,527,0,2014,117,129,0,100,0,211,41,312,89,79,22,0,0,166,233,0,249,62,81,0,91,0,121,0,38660,0,563,237,32,39,32,0,0,0,0,22,0,0,0,0,269,66,0,0,0,0,0,0,0,0,0,0,0,0,107,123,0,53,57,0,0,0,0,0,0,0,0,0,0,0,0,0
อุบลราชธานี-2,41777,16107,8804,347,1606,563,64,0,370,130,58,0,47,36,486,12,82,0,16,104,0,0,128,120,0,210,69,89,0,809,4,0,0,30198,0,43,66,0,5,8,34,0,64,0,0,0,0,0,0,28,0,0,0,0,0,0,0,16,0,0,0,0,0,241,0,0,474,25,0,0,0,0,0,0,0,0,0,0,0,0,0
อุบลราชธานี-3,1582,24378,17889,227,8323,1692,543,0,896,382,140,0,0,0,306,188,190,130,82,31,0,0,667,141,0,154,237,50,0,96,88,143,0,44251,0,0,136,0,391,568,141,0,166,0,133,31,0,0,0,352,48,0,0,0,0,0,0,0,0,0,0,0,0,0,201,0,0,0,0,0,0,0,0,0,0,0,0,0,0,0,0
อุบลราชธานี-4,1804,20433,7630,66,17335,1048,330,90,287,506,100,0,40,55,17,11,68,38,45,466,0,0,1186,103,0,363,103,88,0,76,333,0,0,32074,0,0,121,0,0,24,0,0,17,0,0,0,0,0,0,47,438,0,0,0,0,0,0,0,0,0,0,35,0,0,68,0,22,0,0,0,0,0,0,0,0,0,0,0,0,0,0
อุบลราชธานี-5,1424,33960,6684,633,1413,776,84,23,917,248,57,0,35,52,34,12,42,0,27,31,0,0,359,109,0,68,106,83,0,37,62,0,0,42903,0,23,106,0,36,746,0,0,98,0,0,0,0,0,0,64,18,0,0,0,0,0,0,0,0,0,0,21,0,0,0,0,0,0,0,0,0,0,0,0,0,0,0,0,0,0,0
อุบลราชธานี-6,3524,32630,8320,128,2511,852,126,64,493,77,309,0,451,228,23,17,117,50,93,119,0,0,577,70,0,196,100,75,0,103,90,182,0,32289,0,84,90,779,104,43,7,0,20,0,0,66,0,0,0,277,0,0,0,0,0,0,0,0,0,0,0,22,0,0,178,0,0,0,0,0,0,0,0,0,0,0,0,0,0,0,0
อุบลราชธานี-7,6326,30748,8228,446,3509,775,321,0,340,356,87,0,109,152,62,24,147,105,49,36,0,0,602,71,0,145,126,45,0,84,30,610,0,34439,0,195,58,130,0,98,0,0,0,0,0,27,0,0,0,14,178,0,0,0,0,0,0,0,0,0,0,0,0,0,70,0,0,0,0,0,0,0,0,0,0,0,0,0,0,0,0
อุบลราชธานี-8,24306,21429,8260,143,11071,979,287,0,376,651,272,0,131,416,25,0,0,76,31,0,0,0,317,185,0,110,297,156,0,398,77,109,0,22989,0,73,365,0,11,15,0,0,158,0,36,45,0,0,0,159,0,0,0,0,0,0,0,0,0,0,0,0,0,0,102,0,0,0,0,0,0,0,0,0,0,0,0,0,0,0,0
อุบลราชธานี-9,3272,18579,10427,0,14518,1257,391,46,705,92,438,0,335,164,350,365,224,99,60,26,0,0,161,545,0,242,445,75,0,54,207,0,0,33157,0,0,99,0,0,34,59,0,171,0,0,0,0,0,0,182,0,0,0,0,0,0,0,0,0,0,0,55,0,0,155,0,182,0,0,0,0,0,0,0,0,0,0,0,0,0,0
อุบลราชธานี-10,8051,21617,9532,309,10261,1131,200,42,783,7325,885,0,83,218,251,0,612,77,283,35,0,0,154,173,0,156,173,42,0,577,143,45,0,36657,0,81,358,0,0,0,37,0,174,0,0,0,0,0,0,181,125,0,0,0,0,0,0,0,0,0,0,104,0,0,69,0,45,43,0,0,0,0,0,0,0,0,0,0,0,0,0
